href,name
//item.jd.com/7357933.html,骁龙845全速旗舰！2倍数AI双摄！6.28英寸19:9全面屏！3D曲面玻璃后盖！6层光学镀膜！一加手机更多精彩，邀你来戳>>
//item.jd.com/11792731654.html,【4+32G公开版秒杀1039元起赠精美礼品】双面2.5D玻璃，美品潮搭，颜值小担当~
//item.jd.com/6138327.html,三星7872六核处理器，侧面指纹，全面屏！618年中大促！魅族优惠信息戳这里！
//item.jd.com/4527256.html,"多彩金属，4100mAh 超长续航，5.5""全高清屏！千元拍照水桶机，红米Note5点击查看！"
//item.jd.com/7049459.html,【购机送钢化膜＋游戏耳机】“吃鸡”利器骁龙845芯片！液冷散热！一键切换游戏模式，随时随地战力觉醒！答题挑战游戏之王，赢90分旅行箱！
//item.jd.com/5980401.html,【京东自营】【618手机大促】三防品质保证 5200mAh超大电池90天长待机 连续通话50小时！一键解锁 一键双灯手电筒 带充电宝老人机电信版请点击>>(此商品不参加上述活动)
//item.jd.com/28759257043.html,"【6.18""放价""购送精美礼品】小屏旗舰 骁龙710处理器  小米8周年旗舰  戳我~"
//item.jd.com/20902666564.html,"【618""放价"" 爆款送多重好礼】我爱AI的快，麒麟970全面屏！ 荣耀7X 戳我~"
//item.jd.com/6084910.html,Lenovo千元双摄，全面看视界！更多联想产品请戳..
//item.jd.com/3699849.html,MTK P20芯片，5.5英寸全高清夏普屏！618年中大促！魅族优惠信息戳这里！
//item.jd.com/5361711.html,5.5英寸屏幕/3GB＋32GB内存/500万＋1300万像素！更多好货请点击
//item.jd.com/4577217.html,"【京东自营】国际大牌,2.8英寸大屏,纤薄机身,时尚金属后盖,大容量电池,看视频/拍照/收音机/MP3/蓝牙,大声音大字体,老年手机!飞利浦新品来袭"
//item.jd.com/5007542.html,高颜值，爱自拍！前置2000万高清美拍，光学变焦双镜头！华为新品全面上线，更多优惠猛戳》》
//item.jd.com/16336922709.html,畅玩6升级版-【畅玩7全面屏上市 小巧全面屏 通话大音量】【内置老人桌面 适合爸妈使用】
//item.jd.com/25533160226.html,加价69元可享一年碎屏险 详情请咨询客服 骁龙710 小屏旗舰小米8SE
//item.jd.com/7640615.html,【返场继续疯抢！】R15 4+128G版直降200，到手仅需2499，仅限19-20日；多款爆品直降，快来抢购！点击更多
//item.jd.com/4082786.html,5.5英寸全高清护眼屏，指纹识别！荣耀爆品特惠，选品质，购荣耀~
//item.jd.com/3599935.html,【618手机大促】【京东自营】国际大牌，老年手机，学生手机，超长待机，凸起按键，简单实用！猛戳享福利>>
//item.jd.com/6123454.html,限时直降200元！到手价低至2099元！全面屏/骁龙660/人脸识别/后置双摄！Smartisan OS全新操控体验！锤子手机持续特惠！
//item.jd.com/6790503.html,【返场继续疯抢！】R15 4+128G版直降200，到手仅需2499，仅限19-20日；多款爆品直降，快来抢购！点击更多
//item.jd.com/7081550.html,2400万AI摄影！会变色更潮美！荣耀爆品特惠，选品质，购荣耀~
//item.jd.com/7437786.html,18日10点再次抢购！6.18抢购用户预计6.25起发货！骁龙710处理器，AI双摄，5.88” 全面屏小米8周年，618狂欢！
//item.jd.com/6773559.html,【返场继续疯抢！】R15 4+128G版直降200，到手仅需2499，仅限19-20日；多款爆品直降，快来抢购！点击更多
//item.jd.com/6946605.html,【白条6期免息】购机送价值199元碎屏险！华为手机钜惠享不停！详情猛戳》》
//item.jd.com/6600258.html,骁龙636处理器，1300万柔光自拍，4000mAh 大电量，18:9 全面屏，人脸解锁！小米8周年，618狂欢！
//item.jd.com/6946629.html,【白条6期免息】购机送价值199元碎屏险！华为手机钜惠享不停！详情猛戳》》
//item.jd.com/7029545.html,下单立减200元！到手价1399元！骁龙625八核处理器/4000mAh大容量电池/指纹+人脸识别锤子手机持续特惠！
//item.jd.com/28410642807.html,蓝色现货低至1799【领券再减50】下单送移动电源+壳膜套装#618秒杀日#直降300元
//item.jd.com/11394761163.html,【国行正品】下单送全屏钢化膜+保护套+指环扣  苹果6s plus 热卖中
//item.jd.com/4595955.html,【领券立减500元，到手价仅2999】QWERTY全键盘/空格指纹一体/DTEK安全防护！新品Key2领白条券6期免息，更多惊喜请猛戳》》(此商品不参加上述活动)
//item.jd.com/3901175.html,2+16大内存！5.0英寸高清大屏！双卡双待！18年携手小辣椒一起红红火火！
//item.jd.com/21656935774.html,【现货速发】高颜值！800万+1300万像素！八核处理器！新品魅蓝6T
//item.jd.com/5934357.html,【京东自营】支持电信4G卡 立体大按键清晰大字体大电池超长待机，震撼大声音，语音播报，一键拨号，MP3，FM猛戳:移动版 新品推荐
//item.jd.com/5424574.html,【下单立减300】白条12期免息，508.25元/期！赠无线快充！后置防抖双摄像头！京东独家新品S轻奢惊喜上市>>
//item.jd.com/7029523.html,【下单减60元】成交价1039！华为手机钜惠享不停！详情猛戳》》
//item.jd.com/5107323.html,白条6期免息T9新品下单送尊享礼盒
//item.jd.com/7252315.html,【京东自营】【618手机大促】新品全网首发中兴守护宝直板大屏大字大声超大按键老人手机长待机移动老人机手电筒一键播号电信版请点击>>(此商品不参加上述活动)
//item.jd.com/5179864.html,做自己，享不同，天生萌萌哒~经典贪吃蛇等你来~猛戳享福利~
//item.jd.com/15532095554.html,【京东配送】柔光自拍，舒适握感，长续航 新品畅玩7
//item.jd.com/5159242.html,骁龙八核处理器，6.44''大屏，5300mAh大电量，大像素相机，轻薄全金属！小米8周年，618狂欢！
//item.jd.com/6864299.html,1300万后置双摄/全金属一体机身/人脸指纹解锁/全面屏/骁龙625！新品评价晒单有好礼！
//item.jd.com/26188973495.html,下单送壳膜+耳机【官网正品 全国联保】双频GPS，骁龙845，8周年旗舰！小米8SE
//item.jd.com/4934609.html,【下单立减300】白条12期免息，474.92元/期！赠无线快充！后置防抖双摄像头！京东独家新品S轻奢惊喜上市>>
//item.jd.com/4024777.html,双摄更精彩，高通骁龙653，6GB大内存！好机惠不停请点击
//item.jd.com/3604173.html,高清大屏，长续航，骁龙芯片，表里不凡！华为新品全面上线，更多优惠猛戳》》
//item.jd.com/7225861.html,极窄边框！触感引擎！618期间购机3期免息！618年中大促！魅族优惠信息戳这里！
//item.jd.com/5001209.html,"5.99""大屏，全面屏2.0，骁龙835旗舰处理器，4轴光学防抖！小米8周年，618狂欢！"
//item.jd.com/6784494.html,Apple产品年中狂欢月，好物尽享，美在智慧。更多精彩速来 >>
//item.jd.com/5001175.html,1600万美颜自拍，2倍变焦双摄，四轴光学防抖， 超轻四曲面，金属边框！小米8周年，618狂欢！
//item.jd.com/6784500.html,Apple产品年中狂欢月，好物尽享，美在智慧。更多精彩速来 >>
//item.jd.com/7621133.html,后置双摄+全面屏+八核处理器=魅蓝6T 3+32G低至799！京东独家首发！618年中大促！魅族优惠信息戳这里！
//item.jd.com/4914531.html,5.0英寸高清屏，大光圈柔光自拍！荣耀爆品特惠，选品质，购荣耀~
//item.jd.com/10629202176.html,【自营时效发票同行 365天质量问题可换新】诺基亚老人手机 新版诺基亚4g老人机点击查看
//item.jd.com/21676582422.html,【加25元换原装耳机】18:9全面屏，4000mAh大电池，骁龙八核处理器！红米note5
//item.jd.com/28229859178.html,蜥蜴皮材质特色手机 【返场最后48小时 立省12000元】再送3898元礼包、秒杀进行中~
//item.jd.com/26188176454.html,99元大礼限量赠送！骁龙660/安卓8.1/人脸识别/5.99英寸全面屏 荣耀9i
//item.jd.com/3979765.html,【返场继续疯抢！】R15 4+128G版直降200，到手仅需2499，仅限19-20日；多款爆品直降，快来抢购！点击更多
//item.jd.com/19265789676.html,高配尊享下单赠移动电源+蓝牙耳机+自拍杆+壳膜   新品荣耀play
//item.jd.com/4403047.html,T9新品下单送尊享礼盒
//item.jd.com/5204048.html,【618手机大促】好评数4W+ 紧急求救，强光手电，3600mAh大电池超长待机，充电宝功能 猛戳进入老人机会场 >>
//item.jd.com/27106415078.html,"全新原封,正品国行,仅加79元得无线充电板,iPhone 8P热销"
//item.jd.com/6957976.html,【白条3期免息，京券立减20，购机送运动臂带】5.99英寸大屏，千元全面屏推荐！面部解锁！AI智慧拍照！618更多精彩>>>
//item.jd.com/7154358.html,5.99英寸大屏，指纹面部双解锁！前置1600万AI美颜自拍！Jovi人工智能助理！更多精彩>>>
//item.jd.com/11481305161.html,4000毫安电池 充电宝功能 强光手电筒 微信 强震动 大屏三防手机
//item.jd.com/11378358411.html,【销量领先】4.7英寸屏|苹果经典款 苹果6s plus热销中~
//item.jd.com/6999009.html,【下单减100元】成交价1599！华为手机钜惠享不停！详情猛戳》》
//item.jd.com/4120319.html,【下单立减200元】到手价4299元！白条12期免息，358.25元/期！赠无线快充！Bixby智能人工助手！AKG调校！京东独家新品S轻奢惊喜上市>>
//item.jd.com/3893501.html,华为 HUAWEI nova 青春版 4GB+64GB 樱语粉 移动联通电信4G手机 双卡双待
//item.jd.com/6055054.html,下单立减150，成交价1449！限量赠耳机，赠完即止！荣耀爆品特惠，选品质，购荣耀~
//item.jd.com/4554941.html,光学变焦双摄，拍人更美，轻薄金属机身，骁龙八核处理器！小米8周年，618狂欢！
//item.jd.com/5148371.html,【优惠600元+限量领券减100元】成交价1499！华为手机钜惠享不停！详情猛戳》》
//item.jd.com/3889169.html,"【京东自营】21W+好评!国际大牌,低辐射,老年手机,超长待机,防尘防滑,凸起按键,高亮手电,支持收音机/MP3娱乐功能!新品首发>>"
//item.jd.com/4893361.html,新版130玩乐新生活，内置收音机、MP3播放器，增添后置摄像头，记录真实瞬间~猛戳享福利~
//item.jd.com/6577477.html,【下单立减300元】白条12期免息，483.25元/期！赠无线快充，960帧/秒凝时拍摄!京东独家新品S轻奢惊喜上市>>
//item.jd.com/7225112.html,【购机送原厂壳膜】6英寸全面屏/4000mAh大电池长续航/人脸解锁/更多热卖好货请点击！
//item.jd.com/11319339999.html,【原封国行正品】送全屏钢化膜+软胶套 加79元得无线充 2018新款iPad抢购
//item.jd.com/7367120.html,骁龙660/安卓8.1/人脸识别/5.99英寸全面屏/5030mAh大电池狂欢到底！爆品特惠高达700，详情请戳>>>
//item.jd.com/6748052.html,【支持移动联通4G网络】Apple产品年中狂欢月。iPhone X，你好未来。更多精彩速来 >>
//item.jd.com/5853579.html,下单立减200！领券再减120，成交价2479！限量赠耳机，赠完即止！麒麟970！全面屏！荣耀爆品特惠，选品质，购荣耀~
//item.jd.com/4586850.html,Apple产品年中狂欢月，好物尽享，美在智慧。更多精彩速来 >>
//item.jd.com/7419252.html,白条12期免息，274.92元/期！AI纯粹美拍+后置F1.7大光圈+虹膜识别+Bixby人工智能！京东独家新品S轻奢惊喜上市>>
//item.jd.com/6949475.html,高通骁龙845年度旗舰，AI超感光双摄，陶瓷机身！游戏手机小米Mix2更多优惠！
//item.jd.com/21759433312.html,2000万AI双摄，骁龙660 AIE处理器 热卖小米6X
//item.jd.com/25981777180.html,618返场R15（4+128）直降200原2699到手2499，3期免息送蓝牙音箱点此查看
//item.jd.com/28445462536.html,碎屏险套餐赠游戏遥杆/人脸识别/AI双摄/骁龙845/多功能NFC~小米8SE抢购中
//item.jd.com/11464031106.html,【苹果爆品】小巧玲珑|A7处理器|指纹识别|送壳膜礼包 爆款苹果6热卖中
//item.jd.com/12519089055.html,"【全新原封,未激活,正品国行,备用数据线仅加19元】iPhone 6S Plus热销中"
//item.jd.com/22687835391.html,全部现货【128g版送一年碎屏险+荣耀原装耳机+迷你风扇】麒麟970游戏手机 新品小米8
//item.jd.com/17135093923.html,【6800毫安】待机60天、充电宝功能   30天免费试用无理由退货、保修一年
//item.jd.com/10673893285.html,【限时低价秒杀 原封正品】下单送全屏钢化膜+保护壳+指环扣苹果7plus 低价开抢
//item.jd.com/3499302.html,【618返场期，19日18点-20日18点限量秒杀价1398】定义模块化手机，5.2mm机身/刀锋设计/骁龙820更多联想手机请戳！
//item.jd.com/6610412.html,6GB大内存/AI人脸识别/2000万前置摄像头！有颜值，更有AI！夏普18年好屏好色彩！
//item.jd.com/6001239.html,此商品将于2018-06-10 00点结束闪购特卖，华为手机专场
//item.jd.com/4689601.html,活动专享价4520！白条12期免息！376.67元/期！赠无线快充！Bixby智能人工助手！AKG调校！京东独家新品S轻奢惊喜上市>>
//item.jd.com/6532663.html,18:9全面屏，前后三蔡司认证摄像头，经典诺基亚专业拍照模式！猛戳享福利~
//item.jd.com/26961748196.html,【千元全面屏手机】5.99英寸屏|后置双摄|3000毫安大电板 V9play热销中~
//item.jd.com/3928423.html,5英寸屏幕/1GB＋8GB内存/2000mAh电池更多机型请点击
//item.jd.com/26915927072.html,【选8+256G 4188元起赠精美礼品】骁龙845/AI超感光双摄，陶瓷机身！
//item.jd.com/6737464.html,【下单减100元+限量领券减30元】成交价1369！华为手机钜惠享不停！详情猛戳》》
//item.jd.com/7651927.html,后置1200万AI双摄5.45” 高清全面屏，AI人脸解锁！小米8周年，618狂欢！
//item.jd.com/4510588.html,4100mAh超长续航，5”舒适单手握感，骁龙八核处理器！千元拍照水桶机，红米Note5点击查看！
//item.jd.com/5357340.html,旗舰无边框！8GB＋64GB大内存！2300万＋1200万变焦双摄！极速闪充！好机惠不停请点击
//item.jd.com/27141647261.html,国美系列智能老人机，2000mAh大电池，持久待机 特色手机 老人机 亲情号码 一键呼叫
//item.jd.com/6560154.html,【返场继续疯抢！】R15 4+128G版直降200，到手仅需2499，仅限19-20日；多款爆品直降，快来抢购！点击更多
//item.jd.com/5283377.html,游戏手机/无边框全面屏/前后双摄/四曲面玻璃！更多热卖机型请点击
//item.jd.com/7642087.html,【下单立减300元】白条12期免息，458.25元/期！赠无线快充，960帧/秒凝时拍摄!京东独家新品S轻奢惊喜上市>>
//item.jd.com/7224901.html,购买华为mateRS手机，即可领取限量亚特兰蒂斯皇家俱乐部礼遇！酒店详情请点击。
//item.jd.com/7437788.html,骁龙845处理器，红外人脸解锁，AI变焦双摄，AI语音助手！小米8周年，618狂欢！
//item.jd.com/5396295.html,蔡司摄像头，OZO音频技术~猛戳享福利~
//item.jd.com/5131291.html,选择【白条分期】12期支付，可免分期手续费，月供低至634元！非白条用户可点此激活
//item.jd.com/5911916.html,全面屏，4000mAh大电量，前置柔光自拍，骁龙八核处理器！小米8周年，618狂欢！
//item.jd.com/7621213.html,【6月26日10点再次抢购，预定订单25号陆续发货。白条6期免息】6.2英寸靓彩全面屏、6GB运存评价晒单赢好礼
//item.jd.com/27599234036.html,"【6.18“放价"" 限时领券减50元】 前后2000万！高通骁龙660 购魅蓝E3戳"
//item.jd.com/11250099460.html,【128G下单再即赠蓝牙耳机+移动电源+迷你风扇+壳膜】新品荣耀play
//item.jd.com/18247892587.html,【现货速发，京东配送 】红米5A轻巧手感，5‘’屏幕，高通骁龙处理器!全面屏红米5抢购中~
//item.jd.com/27153046083.html,【黑色全部版本和蓝色低配现货】下单赠“荣耀品牌耳机”等四重好礼【千元潮美旗舰→荣耀9i】
//item.jd.com/13329237827.html,小米8周年新款旗舰机~小米8！重磅来袭！！【骁龙845处理器，红外人脸解锁，AI变焦双摄】
//item.jd.com/25688362415.html,限时优惠持久续航 柔光自拍！荣耀7C双摄全面屏899元起！
https://ccc-x.jd.com/dsp/nc?ext=aHR0cHM6Ly9pdGVtLmpkLmNvbS82ODI4MzAzLmh0bWw&log=n9VtMd_MDuEc0H9JjoG5JbbcqqdIhg21xNpMvlsJBK16Ka7epp7LFjADFLngqeAc69KV6fFS4JGYPukXuplgM34flQKu2K0ioD4mpnGWgL0CAKOzJQSSiTtptpK_DnWUpouTF-gRsFgzIDdhCKYty193GdrAVGoegLoKAOrraKxYJOIMU3ktRFLBQHQ6E6FmUKNAgvQcoD8V1MEDd3xPr3sqZTIRPW3XiR9bJF1fJoS1YRxUbVQg5wAVRP-P9D4-_jUSru7TaGfqUYyPsbQGBjHsqrPmH-Onr_X7Z4v7NvXLBLQTGAThSMb2nGjfYa9-L2nXDYysDYhQQvtL4IuK1PZGA1bTfq81O_dSwlReOfdHD8ckIFTZY-NfD8wPAjzjeZPzuAADxK29fJd1x3xaH495SCMTSM9G7KRopwH7MY-Pqk0iZ4xhczKeHzEAnXvh&v=404,
https://ccc-x.jd.com/dsp/nc?ext=aHR0cHM6Ly9pdGVtLmpkLmNvbS8xNDgxMjk4NjU2OC5odG1s&log=n9VtMd_MDuEc0H9JjoG5JbbcqqdIhg21xNpMvlsJBK1u_A8Dvr583COvr1Mzom4NQRieWEiSKV5zSHOwQO_WAx9nvqmw-0PwkI6NlBzw_dU87GeF6FaZ3nc5kotMzblVUnPiDJFDnCU0cXvt9nPcRZa4hKd8Nwi1Mrsc4D56H-PqGFfV9ls9r4HJz2VhBXUv4UQJ49rDgKotikkMYLXMbd-kFuvqKJWevNivP9y0dLHLtgUwBb99inC4xPueSbHVbkZ-ionelgxvOZFkaU8KMPTjjFVdQpACeOq47Y64pbiJ445GG8kIR92eJ_O8l4DRng9xkDJ2AiWzCB_zgMtWSyBnE4lmG2zRpCxqD0n4QO3N1qxG4_Bl2Wffp9jbeUivjiQVHMv6wyD8_ovlgh-fs0eP9x25pCsedNTnXq7uTZkQ1dUqN_m9ZkBNg64Um5yNsDXG60xjJpo3A3uWTXY3qg&v=404,
https://ccc-x.jd.com/dsp/nc?ext=aHR0cDovL2l0ZW0uamQuY29tLzcwMjk1NjkuaHRtbA&log=n9VtMd_MDuEc0H9JjoG5JbbcqqdIhg21xNpMvlsJBK0y36CIWX23TLbehlEhgwbWeYNOewP_DP6w8hJNeOxM4k_F5rJJzLWoyflSROLXYo-uincY1jChnhWkOsNQMqEfCgE7y8dpFgr5NxznQTv3FG3SO1o5VNNOPm9vyxYnNHKouVG-_g42LdIHMAApw_lCyCzTrZBmgeZOYp4ZNDWwylI3nRVUxdMZ0fd_tQgKxEL1qUBxDKYEpjyIU6pN1l9D0V6lU9qOpa4VWkRKrVewK40ZSyucw7K4MBHVwOfvc2BhhbIm9t3P1D6ygjODBYUMGm_6U-yk-xbl-eRQStkLnT-bEjoJIbTOCOWCgEiG7enS02dKivs8YTyXVrmr2gl2oaQ2Zya5E7V2-5vyqCvzfaeKzMaxkShwDFGe5yBQb5NRmko8ogC7-Lugjvt1FINgXC0PpR93hwQMuMQR-ef_KQ&v=404,
https://ccc-x.jd.com/dsp/nc?ext=aHR0cHM6Ly9pdGVtLmpkLmNvbS81OTA2Mzg1Lmh0bWw&log=n9VtMd_MDuEc0H9JjoG5JbbcqqdIhg21xNpMvlsJBK3B_LihKIociESsJ5U0ogGlynjBJuLlDByurW5L1FllNMlA0LRxGAo6Phu2weXqNI0FZwxOQPcNnTTOJEJ4uE8qjTfGHhESZbCcn7EcM8QPNijNURooaW3Q3DpL8AnLVBLmwjcSIbiTNL1w1NmJj63nHV5gxTrCZ8_d5d0DcR7ORRgv1McDb5ct4bsUhOCb3VM31B-yqPH9KjCXtS_2yDjtZ6OedGyqx2sNiUhYDUHm2Blz8SQYh_NMupy9miFCQvKp1iKNm-Sy8ge70cf8VT8lAbFRCTr2grceKSsq003es-4jhegaHpITA2MruLdlhlJOzBei_P2hSSRbrEL9bOGa1VWdCz4kMbczYPpT7P_DA-mZ6nE_-RWXr9HLFWOFBptYlnmfSVVef7ApOISDL4CF&v=404,
//item.jd.com/6389385.html,【返场继续疯抢！】R15 4+128G版直降200，到手仅需2499，仅限19-20日；多款爆品直降，快来抢购！点击更多
//item.jd.com/2600242.html,骁龙芯片！3GB运行内存！索尼1300万摄像头！华为新品全面上线，更多优惠猛戳》》
//item.jd.com/11718064762.html,6.18日前100名下单赢免单机会 吴京代言 军工品质防水防摔  10天超长待机 备用机
//item.jd.com/27865526962.html,分期免息京仓就近发货◆再送:运动智能手环+限时加送高保真蓝牙耳机+原装全套配件◆R15热卖
//item.jd.com/22124510422.html,千元18：9全面屏，4000mAh大电量，14nm骁龙八核处理器，更有新品红米5上市
//item.jd.com/1653525032.html,特色手机【货到付款】学生手机备用功能机 支持4G卡 通话质量好 声音大 耐用电池 强信号
https://ccc-x.jd.com/dsp/nc?ext=aHR0cHM6Ly9pdGVtLmpkLmNvbS8yNjg0NTM5OTc0MC5odG1s&log=110fSJkty1F7lDU9MFHUO_2WZA-MYD2Q0IuxFBpOAzCJ4xfeS3_-8VA_ZC9cbZmLdWFU92sP0S_aB2JCtvxKbUWzTQg46mXUmyRg5Ywh_EPruwTuviddCo7Wp5Z9uQPTylCdHXMXkGPX4BCIqu5H656OY5wgnGjiYTXr5TrGmyiEJ3WnjfvvuRhCodP4hniQLc6t_erYGceQT_bYJIr5mxWOK2FdUUochGJiQoWK0fd1HTfynaOEUlpmhVVEvo9-l682qswfCdXMtrOtA9_t2Bz92ceXROPfzWTJdHw8VYtlqTFbt4qt71ng-tQrqBPHUoplrkb4-6BihwuZxtMmSLsbs2zX8BLzHMaOhASHFncQZr_dQQunkSEa1GPW6aC_9MtjmvIF0h_3hOcQ0_zaag4FT-KebjFn23bZufX7JPxQS-zX7spzyrLv1f9A1qgh&v=404,
https://ccc-x.jd.com/dsp/nc?ext=aHR0cHM6Ly9pdGVtLmpkLmNvbS8yNjI4NDQ2NTY3OS5odG1s&log=110fSJkty1F7lDU9MFHUO_2WZA-MYD2Q0IuxFBpOAzA74Rngr9VthRnyxOCSEH688OumlcuB96pfa-R9s7Me7TaYJK83QuOmzeKjmWif_VQ7warJL9J6gIGUTlM-xJb7aofIixM0slF5z24bmyVOn6K1h80Rj5W5ep4Fb570IkpAhWRM-26TNbYUweDMeM3KLpwwArXs1GPMlo_WYXdn4eAQbMQw3DZTZrlaVDr62eZGSKCW37RJSBGNZAAOMolZ27aszmq272GXkVRhY0EKtWvq5vU2N_NKkbROh66Hud6tMjqoukorsr3NeGCrIH3NyOHhb0pH-NDnOMmNMCU34kQMWnywSV3Cf1tk_5IULt1zOS2cHgl_qJ2GgDg7sapKhfTExkVlunC9xNCV-ee-O4EBZRlGYE7_LWxvjK3NvbE2azYReUYQ4vQhMDibPaAX&v=404,
https://ccc-x.jd.com/dsp/nc?ext=aHR0cHM6Ly9pdGVtLmpkLmNvbS8yNDM2MTkxMTg0OS5odG1s&log=110fSJkty1F7lDU9MFHUO_2WZA-MYD2Q0IuxFBpOAzCJqzbrrGyZ28xO171J_Y2Zz_THyGJeU2cOSXxtB2vVr4zv1APrHI4xmZmwH9ZT4Xf6XKEbb4sIkmsfB3BezjLd2zCIIN9WAKgPjkx0DKinuSXd44o0uuMc2LEiQh2FSjbW3Man5Hv9QNll4hz-G3SMHpZIUXVCL-yJiQ8_CcIlGMgqkZ2vD4-MDx_3-8Xe10lfqqeSLqPS3DalNXOz3mLYSiSntYyBHR5L-AGHjswxECzokMtf1aDKN7MIg0D97D-555zfXREc2kE0tP6XRyXo-lpZndBUoAjkSiU5zIlQ-MTy0sZV9Cfo_bd8KPADcJMeYRHjUtvn_yZv6_aPjquhmWrV7HpwmwG2lI9F91uSjPXllF8OrIdZueM2e5ZFMRcRCI9xxIRt1sxcTbxroZ3t&v=404,
https://ccc-x.jd.com/dsp/nc?ext=aHR0cHM6Ly9pdGVtLmpkLmNvbS8yNjM4ODA5NDEyMC5odG1s&log=110fSJkty1F7lDU9MFHUO_2WZA-MYD2Q0IuxFBpOAzAgD5kC3XFRskCKRAWwYnr-STML2HOCPwzD5dLq8IcleSjl4WQ4uQv2JkYiM5kgGhq6karMnivtr0Anmppp85Z3jBZ-O3WY5fJTFe3c6dXzal0N_SwH2lZOeqib8B-zqaWTH62xVqplx7kGkoY4orMZNGypriiffCy9cbbFcQWVrJDvjMTX_KI6JmhXDUjTIVnNkBLPf78J0bf9REMBwzjMp_dtHB7qhCkWkTmTkgMVaoxxjXa6srEwo9NJbS0smyxMhiPxNYqLQVTN1rFo87eZOD4MwXxUUnjB7WO0zlga9OwRt5L6PnnTAHMR4xW1f2ZbspWIykrWkUzPv3RpkzoWOattFslSr7ND-iX2tEnZHGq__aGYsMQYqIUeSIQzyTVe_Li4Bk7JkjbFmPIpYC4BmcF8yESdOV35hag3O0X0LQ&v=404,
https://ccc-x.jd.com/dsp/nc?ext=aHR0cHM6Ly9pdGVtLmpkLmNvbS8xNDgxMjk4NjU2OC5odG1s&log=110fSJkty1F7lDU9MFHUO_2WZA-MYD2Q0IuxFBpOAzAy4yd7a6cpjeSma8BjOMbOC5_CHiH74bzPSlcQ8iqtqgUEWRGgP9BpEmoyfnoqTBCODc_YgijVPdqihB3Hnsj3Ju1LdKdhgwa0kbZ8mCf6ASG3REXai33LE8q-YkrfDZ7CCT9VrgkBNjM9xiN0LNbF6ILBp_ZpdpJQRQyneA0Ng8NAbrPUhBQUymuWqDDKgtefUDbEwz-64fnCrMWcfYT-BLAL68kHT-JzqSzHimEIqhXWvojIAZPCceee4v9HJEPOG6FfitD-G3pWdAD2MmX8mUUPUnqVNdcy4tRtcO2m03dJcStKkvk_ajkLE8pNBNREysmJHyqf5rE7AoJcDAo9V2jB2RP-Bx7qdm8I17OUrRpZ2CGUVGU3W_SgjH7bSAXTbeJ-fdvqw06yP1S31h7gX1AtX8lvNdnkx_MR8rvAIg&v=404,
https://ccc-x.jd.com/dsp/nc?ext=aHR0cHM6Ly9pdGVtLmpkLmNvbS8yODAzNzY0ODEwMS5odG1s&log=110fSJkty1F7lDU9MFHUO_2WZA-MYD2Q0IuxFBpOAzD0puSa9fbD-1MNSyxQsSD8-iHl2DLulRNvBis8T2En_XaQxpXtqW9qAahDoNsGn00ruq-c1QUah7Jyp7Iy_Eiqom-O2BNXKFGKcNH9HL59j-q65LmhzsZOA6KfQX1c23cATg4TSgP1Q08A_NO70Lgof1mdqE3FA3r4enAk6bQV_fOWW02XM2VxFxrTmhveBiOXuOHNsLkHw27FnxM4-feXml65jR5nfmjI6eeLXO07daqW82pvivR92uehAuLopB-5uqm2J1Nm_smrqxzYx-dcyNiejS3DEtlVHOlZWx82trlFm_PQegVUmO7K2qHXlkZmG2wRYnpfoV_DY-haNG12GtXFNyyzdLMjkZRUqxj84UGpAsQdzNZQdFyITWGdlYhcTupD15nBobkhiWa4AZGZeALzGK1_di3ZVw_t4tryCw&v=404,
https://ccc-x.jd.com/dsp/nc?ext=aHR0cHM6Ly9pdGVtLmpkLmNvbS8yNTU4NjE1NzQ4OS5odG1s&log=110fSJkty1F7lDU9MFHUO_2WZA-MYD2Q0IuxFBpOAzAoSHIYlHhsD4vuCN3Jl7l_3l0Zhdk79nojeVx6qDmw8OmtHk3Yltbv4T5otngT-w2C0G79HYyrNEUrgyy8nuLpTFQIrqolUxH1tz1XDZdjR7VVeX19po86Vur7IJTT4G7DYMsO70oM8y1Psx8IwHIB7rg8x-iYKo2rhWz_Zuf4A9Ci3uz_FXNGP8bnFmWz_TRw_OyUhn3t87Te03Wsl0o4x5oooAu2B504sAv6jGo-7wVd_aybBsx4JraGqO-i9hnr8sW5gPqO3s8_gfF1k0sDxkUipIicxbF86NRmBoCzIpisNaq92BZcBEJP2Dik1iQuMjnqEyrOsaBAmeUeZ7jG8iepsYcF4e4MYy7zoUs9wrvMIny-Efk0VVnJvtyx8JTsDga8XeAorxznAGm1eS5_lDpZSR4jGXItO90sZHd8hQ&v=404,
//item.jd.com/5911960.html,高通骁龙处理器，后置12MP旗舰相机，前置柔光自拍，5.7”全面屏！小米8周年，618狂欢！
//item.jd.com/7320808.html,vivo X21i  全面屏 双摄美颜拍照手机 6GB+64GB 极夜黑  移动联通电信全网通4G手机 双卡双待
//item.jd.com/7130274.html,【返场继续疯抢！】R15 4+128G版直降200，到手仅需2499，仅限19-20日；多款爆品直降，快来抢购！点击更多
//item.jd.com/7270549.html,【下单立减300元】白条12期免息，558.25元/期！赠无线快充，960帧/秒凝时拍摄!京东独家新品S轻奢惊喜上市>>
//item.jd.com/5425721.html,【返场继续疯抢！】R15 4+128G版直降200，到手仅需2499，仅限19-20日；多款爆品直降，快来抢购！点击更多
//item.jd.com/7635543.html,限量领券立减60元，成交价739！华为手机钜惠享不停！详情猛戳》》
//item.jd.com/3749095.html,【白条6期免息】2K双曲面屏幕！麒麟960芯片！二代徕卡双摄像头！华为品牌盛典，618钜惠等你来
//item.jd.com/4483110.html,华为 HUAWEI P10 全网通 4GB+64GB 钻雕金 移动联通电信4G手机 双卡双待
//item.jd.com/6405876.html,【下单立减300元】白条12期免息，533.25元/期！赠无线快充，960帧/秒凝时拍摄!京东独家新品S轻奢惊喜上市>>
//item.jd.com/4938578.html,活动专享价5399！白条12期免息，449.92元/期！Bixby智能人工助手！AKG调校！京东独家新品S轻奢惊喜上市>>
//item.jd.com/26640335971.html,小米8新品上市 现货发售，数量有限 先到先得。加169元可享小爱音箱mini一个
//item.jd.com/11794447957.html,【原封国行正品】下单送全屏钢化膜+保护壳套装 加80元得无线充 苹果8 Plus低价抢购
https://ccc-x.jd.com/dsp/nc?ext=aHR0cHM6Ly9pdGVtLmpkLmNvbS8xMjA1MjI4OTI1Ny5odG1s&log=F-ndRCOUzdGSJIIij8gXk0Qb7IZFhkwcdoAFGM9Ub6aXd1_GvKICnADINsF4P_ZAImwSLO7rTeQZcZRyKa000BbHTXd3cUL_L0PkFI63kV4Vs9YaputKUiEVszsVx4PFPMHj31ZA-hD7Aq7MnUbKusg-eT6UOwgjJE4FGzE5bqruYg_4T1rPX5aFcLg0IFGZzGNqa7djE445mZ03bY4sJXU_znxNaHWr3kQavUPlnkTVUFghdU771g2tXmyi5t-QS2dMpw8mvu7T_V6QQVblYTPzQGvCUrpiG6aEf4N3P8pAbKydR_9QF7MsH5YyWJY-Rn0qyqXlZ5xryuy0Gi7bIum-hvo9mT5mQSbddsueHxBSMKLnOtrYx8-Ff26CKlWO4a6hznhA_0fZgkQU3gXe68dn-PEZfn0EHa7Th6WX-d8PtQM8wRnnPAmuPUMhnMzgGcL1QbvOXg0HyO6imFJvfA&v=404,
https://ccc-x.jd.com/dsp/nc?ext=aHR0cDovL2l0ZW0uamQuY29tLzcwMjk1NjkuaHRtbA&log=F-ndRCOUzdGSJIIij8gXk0Qb7IZFhkwcdoAFGM9Ub6YMouRaEixHV7qF_OAli_BofezTrE0ZdEwdlHyW1JoaBpn4CqO0stlMdjO9znxQ3a4Fa1cyddV97x7De89stAJNuXuAaQ30ghzc2UfhoipWIv6nXJM9RP_MU1_Z8kh5KRTr8Js_szd5iz4oIdR1TG_daOeZjZpNhVyuQ42g9NWdIYoiy9hla4IuBrX4GJ92TzoRRpVG86QQexlrYROMwsL5sNRNWtxYAf7ggRQyzpHRSZMmWlAAyGiJtiV-oNF_UX0wvpozvxU2c7avxxrvislcBKkAZ9kZIAe1w68CjRlKpFOPlI6wHFmm6HurApUkQUUnXuBCgLWxYjc9MQYr4FPSX2U3WexfQjFyfUVxzZh-AgDUSp7Hn2n48r2hyGVT0ZC_bZqrTYXNeSSGQza2tDaewezKjz6vdkl0I0jmKXDFXQ&v=404,
https://ccc-x.jd.com/dsp/nc?ext=aHR0cHM6Ly9pdGVtLmpkLmNvbS83MjM3NDM4Lmh0bWw&log=F-ndRCOUzdGSJIIij8gXk0Qb7IZFhkwcdoAFGM9Ub6ZIR8Z-KhH3Yd3Q4nXe8_lFNN2iZW8A_k4GphVnHrjv6rW-b6Q56wLDOq_Cg6P-TgzETN4Hypkko4YfAhQLDq_CPnHRTBaxelUuOtkaKuoT9Deyl3IMLrScQGkjdtO-yhzcZz4A6ouVLL_KfQihLz2Fm-o9HmJujsuzqX0sQnjxWk7MxSOYpn9K6aDws5F8azagB27EBfk-4FqsbTD8gtoHuBW4uR45f7aAxvrbfCwdYu8lXlRcTpnoBVWA7V_M_jLKPoieIMtokNYSFpSDFdWiBCvL-KqfCTjWeHZUG_RrfM8HRsbO5l5K3b8hnDjAVdKCv8Yg3QuXi4m1VU4WhSvybBaV1zONcRlXELvCh2_dFK3BAK1_L40ildM6sU5FzPF1aTz-zNsEgTKoih0UoZjUQfp92iRqSK7q13UXbzfARg&v=404,
https://ccc-x.jd.com/dsp/nc?ext=aHR0cHM6Ly9pdGVtLmpkLmNvbS82NTEzODUzLmh0bWw&log=F-ndRCOUzdGSJIIij8gXk0Qb7IZFhkwcdoAFGM9Ub6Z_YaH1BORB-PU1Rt-_Z3_NFnvIbrUL-jt1FC4aPmcftBxecXA-5RY2cZkxiBSODBvVr3DD4czdj7IbtEKmb0Q7Zb1Xb5_WSjGIIw3PVm0eV3e8FWglhcmZobaYKBud0PNFf3uvV6O74Mqbys7KTrl1jpPJxazdw-W66DtIo_oqqlEDvoweajndGngf2pOMEVm4JaxYcBwH0yyJVwfFvJpJ-G7E5Tx9Kf9B1FGgcHhsKxgI4EVJUntBbbpixVcKNs60FVzYGhDa-E8qDJrVktiL-zBv5OeP18c68y1v05sje_yUsTY8Pn3B6lco4F7TEbD0sxa2Zl5YtDzbTRgzPxWq4yYw5hpwlmct7DdlvBxoWxu7UFz1FD7ldR-KypCVdEfrnUihKQtRQvByJMetEKmg&v=404,
https://ccc-x.jd.com/dsp/nc?ext=aHR0cHM6Ly9pdGVtLmpkLmNvbS8yNTY2NzE2MTAwNy5odG1s&log=F-ndRCOUzdGSJIIij8gXk0Qb7IZFhkwcdoAFGM9Ub6YASTY2hGtd3Xz73mvb0qTAmJ3JAvJPCB1DpFcgCSaUo0jLxeTcvYU3Pcv_0JDJXhSNViVlpSo5obyVOwE_fXC6eayfzERfXBUaa9iu2M6c7J25OvzZyjaKwFgqzltanecFVHHwuApJGqpHqDC28RrszRo5ryfzQAiizRn03qPx71AT_vB-2fc_5O4achXbNhWCY4abRkPnKotmilWqoKbDu9wB3SkUlHiWfLa4GQBEBBcP5itltYDBGDMftlwUi-YaDGlAjvlvjCzMSUyCeAl0Siw4GlRIO6MzZzsM2KAuUwnnGdfZsghJ1MNevPZYZ7AcLe--qJpiXEKnN7IfY22LKGHCDH3asMg1n5mdzfPw-CZTpFcezj7Lu34plzVCtVuu8Mg8SnBFDhXsIsz7FpcW&v=404,
https://ccc-x.jd.com/dsp/nc?ext=aHR0cHM6Ly9pdGVtLmpkLmNvbS8yNzA3MDQ0MTUzMS5odG1s&log=F-ndRCOUzdGSJIIij8gXk0Qb7IZFhkwcdoAFGM9Ub6axa9G1xkw_D7rCrmol5jzqeTJbcGjEI4i2F5SMw0li8FJOkfiG0E_yHrmF0QtDMrpeNS_0eXCvbGG_KG5onKh-zdAjbBsPWt9M1T6b1V6WFOR3IAlHbRN5atmaCzEp2FAheM9dumXTn5-DqZ08F6usis2r7OPsZadRj5rdA98rKEraRibVOXo1YFvZ19ld1oXdN9yfHrvdSBpEmnpiiFiRhoRadh5o3ew_r2Oc34M4T90gCej3hyW3qQU4MCtJWp2GfoEFSZPW6DkjFs7aksqAUpa33HS-lJIJ3LyXCEjVUiNFrmeojs5gglt_4en7LWrJ07M9YmRvgyA5V5h5lKkN1yfkaBcq4wz-eCB8S21gRK2rOq0i-WpOiLyMkgvvWffry2AdZVy2VIrPe6xDaTdLUuo-0Qw0cOyP_fbssJClpQ&v=404,
https://ccc-x.jd.com/dsp/nc?ext=aHR0cHM6Ly9pdGVtLmpkLmNvbS8yODI0NTEwNDYzNS5odG1s&log=F-ndRCOUzdGSJIIij8gXk0Qb7IZFhkwcdoAFGM9Ub6aNmnAtHsl63sRgSthbbf3b2FEjwLxux8OW-hVBQ25zCd1upX_vezTAe7gfpfiPiCtlKDiIdkvQ3zQTWYrdxINZmxr8Wwl39vF6MOa_hZWcHHkWRuXhhCEgexNp9CTvlhZjm8m0ktVoPMLNP9TVxv48nJcbDGS9xWhMiL1IJj5Xm5_KHSe0_eDBGy0gkQozk7zxOiwsTQ8eokTOxNcwtTHbkh4jq7A6dqIlYblr82KFPk8QYDvT1yuKPpuvHpRnoY1cujHpQOZoSJS3Pd2r2OY1OCkXWinC4Igv151IzAi5OsM_baTHm6Qsb1CWPUf7jlR_UevV9CSO2Dvg74lWLZQRuc4fTQLckc4rvm7W2-9V-HrfcE_aSvazoUA3AF0wwHgop4FUzr-M3ORipz8YPNhg&v=404,
https://ccc-x.jd.com/dsp/nc?ext=aHR0cHM6Ly9pdGVtLmpkLmNvbS8yNjg5NzA2MTkyNS5odG1s&log=F-ndRCOUzdGSJIIij8gXk0Qb7IZFhkwcdoAFGM9Ub6YM0VVt4NmqQ9ffk8BYQMSDO8lp7YLQdN2v9AwHD1LYznzLNIzkv6zd7l3MeOmW59gn-dpgKsZ9el-7m2RtaJ1bOuP3LfWYOgcLThG_bjZYYcqlnQO3qNI1RF-likXUWx7BXConBeYAERhqOVELpMSUaNAcTponAI28nTMrROIp_x84Iw4Sqp1Y0A9Zfd--33Vbp0E9XXLb3JHa5ofM9xY_B23jGIh5NTUg-_JhWGmIh-EXOzEKXK8w1o_rZHMwc28Vp8ay2uAJakc85jusDizeasdpv0JpoGbRIvJGVT9qwxKbs9yMRXt3UtPZHuOFqy7F7CWdYw_DxzVfEfBJjpbHWmB_scR6iHA80FRuVLWL5SncoOIUipzx5daNNm6YFk-J7tjrdnOVER4ZvtmxpleB2cbn7tjRd6lhq1KePbjAXQ&v=404,
//item.jd.com/7694047.html,小萌脸“全面屏！1600万前置感光增强镜头！荣耀爆品特惠，选品质，购荣耀~
//item.jd.com/5912045.html,5030mAh大电池/18W快充/全面屏/骁龙630狂欢到底！爆品特惠高达700，详情请戳>>>
https://ccc-x.jd.com/dsp/nc?ext=aHR0cHM6Ly9pdGVtLmpkLmNvbS83MjgzOTA1Lmh0bWw&log=gRGkFQZxDRSgpchgtxT36Uq2bgbsk3Twui_HcdEdZct856dj_zGZNjTEWnzcUt4mJhPJ4916tDbeIpKrQVTUh2hO9UXa8VusslJ5Q6IDDr30zfyB_cQFC9HV05PfcLMPnk0KXkrYIEQaIEJqP6z46Jt9Jk5iBbNt-QDCt9ka_p9KXsiZ8CQ66jjC6Kj1dN3bEwEHs2kTTNlPJ4-xG7_xxh1vAVZxKW4QKVao0Y-wTtGYwyHXHo88OZgk-0uE1eBcgHxCsvmnBgr3Wkn6l-XSjod40Fln-JEae44mb8ynGL3Q8QnYdxVgm0PnfdAgwe-Nwn9JioFj0ugfVVX2Ami2FWBB1b4bCjQ2SmHYZicv8KVn669M52ngGZiZK1bu5ILo-BDGnA3-6bQLgLxDTIuSqO6jtwt9oSoaR-ZcT_c1gke2VvpJovkYUUB10Iiqd3VQ&v=404,
https://ccc-x.jd.com/dsp/nc?ext=aHR0cHM6Ly9pdGVtLmpkLmNvbS83NTg3ODI2Lmh0bWw&log=gRGkFQZxDRSgpchgtxT36Uq2bgbsk3Twui_HcdEdZct8s_RzQaotJcwmvzvWZGuynxnHhF0JJfO4cWCF8JpcdDb4TfIfGdSQJ5sihXCQu2-oIZKBwG8UoDtNsUN3_CKZhDD_VsdpFb5bccg_vexTBVL_zQSeaABO5hI6af6p-8YOHS7c7WK-om2eW7n4W8Z9bILNfd9b4dO9ac1HzalbrAPzSPF76u9y5wiU2L2UEbVaTfRgN58H6h7BPKDKX2-57JJoA8EfzWSlBvh5xxJPJId4Jo6HkF5dGyYikJpjFPv69L9lleQRyr00JifrI9N85_kWGpNPsYW4XuGnB_wjmOcu2xXF6Mm_aZPWYE2KowUlzHWbnNapWuqlXUZ447IYqGJeWk-rXKqvjRGcm_RyJp3YYcglczr4bU-_oYTlvrrRC1_Fik1t3THS9w9d2TLU&v=404,
https://ccc-x.jd.com/dsp/nc?ext=aHR0cHM6Ly9pdGVtLmpkLmNvbS83MDU2ODY4Lmh0bWw&log=gRGkFQZxDRSgpchgtxT36Uq2bgbsk3Twui_HcdEdZcuKwwCZHng932gKBzb7mb9tWchH4kwOxG056dk2TvSVE98WxGqFvQ918OxwuU0e3qwhH0ibL3ZMQTkkckcqG3C4_RGr-DvU5bi3JYU4ZAAZjbwfrwpXV0stPWPcjZzHlTuDtBddVjHnpGLE6QJvUhsBJpenPBx6b9Cg0k219Hmu0gqXvSorg_afxGzejCakl5Lwqb1qWy__C1hnSJLrM4rkbnN_bSlFaXpB4RGRBIqd0_i7Gc5AUn-H99VyS4jxSeJtV4CLNqGSe98ArOzaHVrjR1B0NEgsYVrX0eOmXWiDw1lEA7VQw__VRkJ8K3B3r7ALzO4xuzROBT1lY6IIRb4hkrShgLtmpCvO7QYOUHSyugmXe5k4hrhMgMcnYpqwURzsvftrFAFVFoXXKphe3kcl&v=404,
https://ccc-x.jd.com/dsp/nc?ext=aHR0cHM6Ly9pdGVtLmpkLmNvbS83NjUxOTI3Lmh0bWw&log=gRGkFQZxDRSgpchgtxT36Uq2bgbsk3Twui_HcdEdZctLJVsi-MqGceIsASCVhatNvOVZ6J6OzEFUHqDx3bkg-gn4Hrc15XohQSdjBrVmiqN7lKEAnzW5eldwCJ4YbtjPSeRXdfi6X1GUQ2zJPm6fhZ8lgtDrob-Q27sqtasVIyI0AWrw7oIQrPsk2Nvy8rqM2qJLKs8UBbL20GabPXEiwk1BXGCfBmWtqu4Dm9WjAsg5c5cjyLBtV0VjOvsUdEM8pRTmazXf61kQGeYQRWJdaMSzFmkhpDBpanUBJq9YElGLN3-tCjy1YtPF2Jkdd8xLaMp2ZGZ6toqOF6Td8VMSlXM8-UyRlTClZh8iIGAVh7NLRHnU1fn8elAFvOntXd-iEzyo86gUVcfdfuB-SU194IhF71T6hzxohrF9T4ewP01C6wsEfn1tTRYroHapCBY-&v=404,
https://ccc-x.jd.com/dsp/nc?ext=aHR0cHM6Ly9pdGVtLmpkLmNvbS83NjI0MDgxLmh0bWw&log=gRGkFQZxDRSgpchgtxT36Uq2bgbsk3Twui_HcdEdZcubgVsKQ6wAE0LQiDmOpT65qHil2cCs7TTDo1GqeZtcLY_BYxxxV7b0elr4Sw3Hr1YNL9C8JyHEDD1D0_1o3jWePA8Y2M-77xfteZQXKMEYA0XpUIwgAEbJdeCF9KYz2E4dQ1HrEGRicSXKix3c2NK2OgoawrJp72S0Cx9crQuVw-5BBV1VQ3PF6dvqZeKWc8VrXXfzlRDO_jq1CUOYb2c2jE6i32DEsJQw3wVUHeY64ctT48lfB3gwofcnRdrqx26QIDf_qjx2VbAUYv0boZbIOs0AI-hZPnC2W4dpIfztRpLjApzWoJNihRbv6_mrrsli5VouJl05qaZTjaSKsh9o-qZz4-rE8pYJyZtlXxKJkNRFjVAueRAMiBaUyu5u-Gvv7D8Hg3nrK9_gsmdI4Vzy&v=404,
https://ccc-x.jd.com/dsp/nc?ext=aHR0cHM6Ly9pdGVtLmpkLmNvbS8yODMxNzUwNDU4MS5odG1s&log=gRGkFQZxDRSgpchgtxT36Uq2bgbsk3Twui_HcdEdZcsGXsCt9apIHcHEMmFedTxucF5fYTekouf3V1awjKr7COY06VIJebg84ZdsMr_2ZhiJzuGSslU5g0uzonOyQ_GNR8i-KX6WpbjbZFHu3X1YqqmO4PsPJHChwqd0Bgatc1vwcuOHjLqc37Dn2KuhGzNwd8AksUN_2V0Y2kbh0FZE7ku6MxTYsLx6HpVd1b-18AikQ2a6vnoy1xS7ORaM6d427JdqWAeQzWXSJhtabeuRQ4v6oXmto7gXzEwtBc7vCKL73OCSaygwBTWqlz-oFygYLwqxxhv-WdgzAheEHYpBOtkW9JVHVwcTpX3ZTblNjqMYf-hhQMNCmYVmByzm7lGpH8I2uhn46GIOz-mBcu0zi2t__YU_TEXzPAkjBxd-Ddg73vrvWsk4CXvwA9xAo1jD&v=404,
https://ccc-x.jd.com/dsp/nc?ext=aHR0cHM6Ly9pdGVtLmpkLmNvbS82ODI4MzAzLmh0bWw&log=gRGkFQZxDRSgpchgtxT36Uq2bgbsk3Twui_HcdEdZcs1aNOgBBcYXsYwNYEitPfP2m2YqbX9QNyh66PtS4ftiGrhSF6TRCu0iplweiX9EiauGq9B1_mTj7XPNusUz39LTZrISm1fDmnrnCN9gTYH87bb0Z-fRnWRXLvri-4sK0sSwniuRxKWNxJaaJsrsNlX_GWie3gYME9Ud50RaU5BruDOQw0WYh3Yc1pc69T57AcfUQYVReBKN8mdJ21bKY3P_KSloI8ct_Rj65ZIDDb4JSOmQMi3CtwaYbK4TADLx243b5b6XwYe31qp8HI2mPogMbxK_Bg4YhMOcdluIT1691w3OgNaubrdvzQnN3OQywzCUlvGSSe8sEiNWtZ0_XCZnQpY7_VsKWjR7L_GfELceo2RhMX9jBeiuVtQWkWhOFAx7YikPOHuEt8HDFIBetxT&v=404,
https://ccc-x.jd.com/dsp/nc?ext=aHR0cHM6Ly9pdGVtLmpkLmNvbS82OTQ5NDc1Lmh0bWw&log=gRGkFQZxDRSgpchgtxT36Uq2bgbsk3Twui_HcdEdZcuaxLywp8DHlRgtzCS2Il5UvMaodT_SIKJeRuZnIywna24Tg8FUDv1_kZz_MA321NlatF-tENkxd4p8tcZn8Ovl56noDFLxt9zEQkq8aat-3Yn8FqV-Y3aYZNMsxC4XDBPCBp0gks35QzqyFFGGZBxKGs0uW_HMb8Z7Vk8lfkZEsBN3ASSpLHzDao2JkYjv7G5dbpeEhIo_WADSS4KnsmdfaDfKM4BnrLrpXd_F8uQ32pn2rTnQB5YndbHoHT8uSn9VY0xusyo8z0i7CJrOKDetMyjP84fwh2HnyEhlD-GBAo2kCbiEfKbflMGHODBFSOb-UDwxvHEhpbEKNW2cIekBnYMetkohzllntrLPcHdOiAbRgqV9OGCoC8DCRN5Y7MsVi3wAE4WvR2hgytZ_nj_w&v=404,
https://ccc-x.jd.com/dsp/nc?ext=aHR0cDovL2l0ZW0uamQuY29tLzI2OTI5NjUwOTMxLmh0bWw&log=gRGkFQZxDRSgpchgtxT36Uq2bgbsk3Twui_HcdEdZcs5zNWAb6vweckKCLVC3eUF6YDPdR_hy_OXAHBVSzeG8jX36INJ6sGCpUHxcOBcMbDw9_im2KyiSNGAdqsLUQaagCM2IG14XNQOpmH8S-BtJly-qGQ7xSSceAynfZHuGxWBWQNlSb5b-kQWmlkXv-7MBEJ5QXxx8LgG0aM2WNXKOh8TM7IckdHw1EKPN5fstMypzw_W9eIMTq_Dv3qcpWndbtkWTBIbRCka8yjjDwHf-OMN9p9R5aZG5bBLba8pwOwVRUUmRwhBc5hZEnneCr8yVWa5yiuhkb6pS30HWYfUaIzcOymr51-OyKSVGkkZZKzKjguYGD147wWxYnamo01a5Kw-UsmRuxD9d49ZeoGeM4uBng8EbIMSnk4RUEMQ6Hxyom-a2q4pkZo8hjziglgE&v=404,
https://ccc-x.jd.com/dsp/nc?ext=aHR0cHM6Ly9pdGVtLmpkLmNvbS8yNTU4NjE1NzQ4OS5odG1s&log=n9VtMd_MDuEc0H9JjoG5JbbcqqdIhg21xNpMvlsJBK2OG90ndPKfsf3_ZTx9kyfGcvwKgdYuw6jWWboscwrLZXV2NJA9fPBfD1ZlAZ7lTWUUp9zaveIoCEfli88m30wwF-iATno0_kkmECxRNrBCaBj9pFob4_M6DlIca52I10u-F2xgkZ_gRztveBtnOdsglFcLpBdsY81BfSNkADjTyoqGJB82CjWYuzRuO-V6OkyCT-eh95VQVpF3cHsONoiKBguxNQztftctlG5eIWGVBVX_f9yXfyEiysPtEiTMtmMyVcrZ9Xo0qbBwa_m1yo2rl10HyNximdKegsXRUXNRSkBZJ6tiqjmgbPuZZBPVASGLzvaHyIqYf9XOkl7-wZPim8dDeyR5ViuT8ly3RWi-WsDRKH18nCBiEsQswxIYiAesrwkbWfJA-5aiLv7xmvi7P5LKRXXsjrjpiGSEOgDg_g&v=404,
https://ccc-x.jd.com/dsp/nc?ext=aHR0cHM6Ly9pdGVtLmpkLmNvbS8yNDIxOTEyMzY0Mi5odG1s&log=n9VtMd_MDuEc0H9JjoG5JbbcqqdIhg21xNpMvlsJBK0qHYm3FmNO9ovt7K-rl-Q3ZWZA1mFneIBF0Vsm6uCRxZ0YUiRnLV2MCE3SPv8CeTbzH1z7jESS6sqZ8YnVzp6pXM4R-t1zqquvcNoYoLIyD9wB4NdEN4SRhcwxM5roJYvXHSu8q590p3fwHHRWI6t9Wo-jY-fr9A_BnvY11erFHqoJvi46LEFpzU30QmAMKF3NPLRJE-ANgd6MeQ7gmZm4Dx4moY77dZt9gYzzE5QZSNF-mPpyY-VZ8i4jMhasaMGQZ7jDl5sYoWZ0Mn6IswIrpD2zJ6dEdu4xoxeBK9N63yuGVZaXXQQGTJC9o3yY6Mjx_sX5skH8x-SNcdemwFYxlXKG5yean7ViLPEjRA4pDHcnS1Rteo5-PN9SvxKhbbD-uzW6yT-h8nDRjnokCk2xseqp2FxfP5g5eIGgnVGbtw&v=404,
https://ccc-x.jd.com/dsp/nc?ext=aHR0cHM6Ly9pdGVtLmpkLmNvbS83Mjg2OTUzLmh0bWw&log=n9VtMd_MDuEc0H9JjoG5JbbcqqdIhg21xNpMvlsJBK1jYsARRLJ_Pt_r7wQkVWkcSNfxMOJ1BRODMBXxdOHwsk3bXhEBhFrb1WL0V_9S7X7svL7OhToCZqBrlzTc-iFYyMjxJxqYnX95mVaO4D0uTowkuYRvJUTyaKE8gGW6B0Amuy5BHxTgGNH5zQrCCw4cjrgT3DQrJy7YZIUVGzPMcYoy2jzuycAIObM0iIPyLvE0bfzMK0y47N3IFTUiLTkgbR8cNdDrzue7QblUcnp5U2rB4LQPuwezROm9fsOnC2x3CfVt-gttqQilOcRZ776RIDWKsNTcBnO0OoKakJJ-p08fTnxBss6XQxqlpUsqKlmnjI25jZqNVwq0CEAewi89EnRZwjjrHdhZ2nP3Jo_W1IQ9TTd6c9MFzmRljegWZXH-Jewn8DU_Dhr_QONTof7z&v=404,
https://ccc-x.jd.com/dsp/nc?ext=aHR0cHM6Ly9pdGVtLmpkLmNvbS8yMDgwMzkxMzI1OS5odG1s&log=n9VtMd_MDuEc0H9JjoG5JbbcqqdIhg21xNpMvlsJBK1cSbyLXE1jM3xxhvke3J8XIMnNn8It-7L-tJY2nFBrTq8W2n6W4qi9jevKw1cXVElpeodoOtr-Va1sDJgaUBoilZH3O8pcOEEEYMsTwuZFWbnHqIbLSzWEzKSOT0dpfsdccSR-6LsC3KTE3eZRdbXQXxek_HMUYSpLW8IWtu9LOtxQYkjDsORMimB6s6cC6uR46LiwpEVOdE4vYPmlaqHmNtRGn0pXVBKWoBslFgPkd6K4briq9zRwfufQX0VnObxShA9u-MreHZ2AmxK1BVltmAWfXVB9XMIPyGfVEelU4BprM9BVD3jFZtDlqkWQdtQirj2K7at80UMR2EoIaWuyMukHClJArMF7kLY5adWgaQ-2da3N_blAosnCFShUO-JV3hsjqqflAx3EbXqJPFDS&v=404,
https://ccc-x.jd.com/dsp/nc?ext=aHR0cHM6Ly9pdGVtLmpkLmNvbS80NzM0MTAxLmh0bWw&log=n9VtMd_MDuEc0H9JjoG5JbbcqqdIhg21xNpMvlsJBK3wjaJdLy3R0pnhsEX_6d2gxHysdkOjK6_BfD5JSi2d-WiwuL2_JSNAH3Y9vX34zmASNWJxfZ4egxpIRREpTMjTlbeaFQieJJ7luC0X2WyFPZlHisi-aOmlvZBrQgfRHoH_GwjxDh--N-PBH-AA8fp7mhjdOOaRLGgXHH4Snxo4I-rmuRWZCXKEiFLv_FZgRpj9sLkMzGQmz9QOo97o7nckdOV9OxN3OlqZo7sCSE601uSAJ3DOHwkX_X2JL0fwyDO8zCpRvONkhorpoLcV91CNcZMhKpUxcAHIagOUsMWNy-59-BDQd8xZrn__W6V4R51jQdaxZB70thgQgMSrzSTTOL_e6QHVG4D07jskormvi_DX3_Yah5CND5TpCiGate9qNwTHfVSrFMslSi817E4i&v=404,
https://ccc-x.jd.com/dsp/nc?ext=aHR0cHM6Ly9pdGVtLmpkLmNvbS8xNDY2Mjc4MTY4Lmh0bWw&log=n9VtMd_MDuEc0H9JjoG5JbbcqqdIhg21xNpMvlsJBK3BGkqcBDq9guH9xABw5VeljABhP9GRbt5HOG20rluUQEfnpXGKz-8mYafIS88ZYtCJlbhYZih99AbNWj5n1iLUXfW8DKwPhYiYy8B1KOUGtLAJWW-e3qeeDFtUXYuQo4LkpdwZcatK-bvHdPTnpRZKvT8rqFfR6bfYTzSoVkrw-4Rx6m44DuOdvE4NjIgugOBluwIe8ZOC_pcnsY4OEcqrzcgOcPVmm7XBRyO4VKjm6IK9dTayD8BKOjPCiePL6gKazVWZ0iud_QMVx5HwunHS9FXt4VxNi1__s7kf34kNo7bSjx1ue2v3b9VhbN6CduPY7PSg3-_9zgIA5OI3S_e7-4aZ5DqyQ0a6jbrBGItkiZ3rymwwh7raiwzjlA25SPFcBrkrHfo2DGaldVwqjshh&v=404,
https://ccc-x.jd.com/dsp/nc?ext=aHR0cHM6Ly9pdGVtLmpkLmNvbS8yNzExMjcwMDE2OC5odG1s&log=n9VtMd_MDuEc0H9JjoG5JbbcqqdIhg21xNpMvlsJBK2j6G9-rmM72uOwlbVgU0bxdwaWXsH7JAZqzQmh0Vk3f_fNKedqXlRohlR5Q2TfLZCHn-cXoUaHy_etvOEDCQOxaVDNC2qOiuNgA31ZY5acd6qAiExTjOqO5D9TuzGqZjEhzc06kHWVEWs07dexXTnOCnG2hTwR1FoxLGmzM8BjeR2pSxBTGEwUqrZ7P_8EsHAk27ZndB4Z-fovHLjOA2raatmm-LitkOKlnQFqwsjx7V_euaF30XMjl0x54SuhgUSs52wfC8ADfq5yCmJ-99zVHwM-tYW06KD-jmguAq7-EdKP7HRrEKZsfea1JL1hWvnoD-xhgPtoerJPiDclU2KEsZWrF4MTvP0Ku11g2VEO6VOJOP-8w9mbI6RRecBPXoWsKiqGGMwKSeNqfnhVBICURBZLSmxVHUbiwgpJOzLHqw&v=404,
https://ccc-x.jd.com/dsp/nc?ext=aHR0cHM6Ly9pdGVtLmpkLmNvbS8yODI2NTU5ODA2Ny5odG1s&log=n9VtMd_MDuEc0H9JjoG5JbbcqqdIhg21xNpMvlsJBK1tDrQsKLvyqrH_Vc93wSdmElUM4e_FWoeNXO-pK-fUMfiKA8pwyrnwr3vMEQDStlgdyu7o3cvSh497mJ3xJfXYQtSFCqXMAaaJV6fZWhblu9ZDf3qyj4bJ3KsZZTjJIt_BgurE9doxm0P5bDspyS9rxTsNbzb9q25735SOd2Sm1NGVflLGMBPPS6ZXei2YDF72s6D4ubvQK47WWTK9Zc1XL7AnpuwP6kRvKIxpjyUjPMNVkpDgMAsXwltA3HDFti6P8UGJGuGRTSP-flHTYOiVAMh8t0gzI7H8ShfcdeYFBxTYXJcF3KU_E4faHGMBACHWGVJ1bSy8D6XV3VZpVIRuC7RMANZBEPUAoIX1LV_dZ0PangYsMaGcCOHECarnOJVQtvzlGBAGcdp-D0DzTWE4hHlGkGxU4YhYw46wdtWTBA&v=404,
http://item.jd.com/20174015291.html,飞创 荣耀8手机壳/荣耀8青春版保护套全包防摔磨砂男硬外壳女潮款 青春版【微磨砂款】宝石蓝
http://item.jd.com/11996406429.html,菲利达 荣耀8青春版手机壳翻盖皮套防摔保护套 适用于华为荣耀8手机套 荣耀8青春版+深宝蓝
http://item.jd.com/13040683759.html,飞创 荣耀8手机壳青春版/标准版保护套全包防摔华为磨砂男硅胶软女超薄个性款 【标准版】牛仔蓝-送膜+支架
http://item.jd.com/13464341799.html,【送钢化膜+支架】汇佳诚 华为荣耀8青春版/荣耀8手机壳V8保护套全包防摔男女款 荣耀8☆青春版☆【宝石蓝】赠全屏蓝色钢化膜+支架
https://ccc-x.jd.com/dsp/nc?ext=aHR0cHM6Ly9pdGVtLmpkLmNvbS8yNzk3MTQ1NjQ0Ny5odG1s&log=110fSJkty1F7lDU9MFHUO_2WZA-MYD2Q0IuxFBpOAzDW6h4TxXjruv5cc6_iMDgWc9qfQr9caWqXuDe0Ca1F3UvHK1Ac7_bFxF6Wnex0gXQ3beov7E4fg8isIWJRkCh55VC6tTxUxTkqEWGgmQrxFUhe7BY-6KkGDlRoHUlAgqj0KsZeB6EsE2CWpDhC1crK4X0QAuL62rKm-xDI_sKYR_Mr4jxLnNYBF0Gs6PijF7EQb0O427SrbDFHb6IHGFjRtKpULKSTqK1qmwtKfDB6CbP911GNQqBGdA3HBOJI0VQR_UAlGiFfciRG6WTfCD-V4Oa7TA8Kw6aJkpkfd5JLihmLVBsQSQ3k2mvVNk0ew_Nx9Dylnc9P9MheXV0IZs3MMfoqP0WjutWgSYvFXyOqSfjAzkCfD6DZLHIGcS-GvTiGMAVpsHLP5V3uAiVTSAb9OabCdPNn3jrxJEWSdVlBEg&v=404,
https://ccc-x.jd.com/dsp/nc?ext=aHR0cHM6Ly9pdGVtLmpkLmNvbS81Mzk2MjMxLmh0bWw&log=110fSJkty1F7lDU9MFHUO_2WZA-MYD2Q0IuxFBpOAzDHsmlFPXUz1fTElXuD-JvCXDQ5M4yX_w0lPsF16yp-m1LEmKZelW6-2aMAj8yIIlrHrFt_jzigWS3oEFV73nVJAM5wvab80SGaQm5RfiyvDhiMILWCf6VDvEd0iyBK-UeQDoVziK5lepGdAu44GdpXL0DDlTy4EaTuKdBwO106VO3ePTebLi1QcRJQ6Xk5aCl6-UGHyfgQkEkZGCM9r2wwX2-8fOQYpbsoY68ynSMRIbwjuXc5a7rCGnI35ESt3CQunsKw309zKXi63WbQrCzP2Y4xZ4QxGKiRqXl8w3O65BuIJuWWkYkoy25DddQU0XPB6GcaZP2PAthOElHgUirUf8URLPhClG5_flcFaF9ffnVzkwIU_DIHr_kS1PsfOCgtiMe5kk6DZSdLH6wt9AnS&v=404,
https://ccc-x.jd.com/dsp/nc?ext=aHR0cHM6Ly9pdGVtLmpkLmNvbS8yNjkwMjM5NzE0OC5odG1s&log=110fSJkty1F7lDU9MFHUO_2WZA-MYD2Q0IuxFBpOAzA9HXHkhYAaaciUjqPaEw78Fm6cT74wMm4OeLEBblNl5E4WKU4wONhzensm6kXb4wUzNmHm5GvMQ52zAfPygO1kvVUhuU57zZSLysu2sNbWLUXI2SgsLfx9GLyHrtmrMC9CopVkIqrzU_AwNKCqmV2WiYC6hurssAJB7TXUDaCu02w2N6FReXFJdvTJ9tJ3rKE-DKPx3rS3EpsBaJeZJQpAzbon0ENA4Kktuseijoms70NK2D70rw3lC0oQAF0UWGfrKiNyuCowkDCrXllRv5QbL3F7ht6IB1nva8KzNb7vA1a_nOL7Rz0Iv5rzPdJi40oYXuKbSbIFalZ81kSaZrgZ7bY3aRXje5LcUmELbGNv6EqpXI7I1CJmKE1H6bLQphSn6yUI8nqB4SdXjoumyEwJ5UMF72w6f2mzr3WS7I6oHA&v=404,
https://ccc-x.jd.com/dsp/nc?ext=aHR0cHM6Ly9pdGVtLmpkLmNvbS8yNzAzNzk0NDM4OS5odG1s&log=110fSJkty1F7lDU9MFHUO_2WZA-MYD2Q0IuxFBpOAzCQpgNdIIG0xEYxnEeruTyy5ZGBRPW5CerMnHmiKZs1IZpdmsPOFJan3hvUJRUB_RP671svDZpSo4EXVFm6fPd51g2IteT7FA_CXSgpyCEmbJ0_EUnwFOfYkl3UbPDD12tNKXKjs40FMwBUcMeZ663JMjd5tpfHMbdxnUkXxvQZTe3EvIAn-H_2QnPJFAyLJ1Gvy7_XyCX_FPMmpobTSezU7C621Uyw013xdosYBx0S0bOryXEoqAmtJAKUuSVTLUr85AvhCpWIiV0VRZk7Sqss8-GyvjPPKsGLtFwyozYEDE8NWNmCRdyvnn267DvW1n2sa1UJ0fShb5Fhsfqh01bL7GNxvuR-RPFf5HY3Es9--AHser2fOXirR2wixF9qviRamhzxrPaFTn115_RwEQ4h82IO50QaS4T3jC_yzGYDYg&v=404,
https://ccc-x.jd.com/dsp/nc?ext=aHR0cHM6Ly9pdGVtLmpkLmNvbS8yMjE1OTU3NjM2NC5odG1s&log=110fSJkty1F7lDU9MFHUO_2WZA-MYD2Q0IuxFBpOAzBb3jfb7jWuJRC0X8wS8OrjHyKvT89ajgjbbjYcfT8LlW-w3U3cdOTp-rCD06rUhT5XQ2qePUPiUs-_wOcs4nIhkmelsmeIgKN82cV4B8z7_SN-9d5nWISmb3h0tDF-bAh2hapKKvDGoUg_N4Y8EiRe2BeolkOz_9mOibeZRWkPk0OyPNanRfblh9in3XEuxw50wCNiEW8qor8A2IsFn8j64VR1wkR02AK8tkbZIlDfmyOo0Mki3Z5Xjl-8PXyvrkW5_6KlidDgNyCss9K_tfYkZ6S3lmDloR6jscoGgH7YOoQrmBExdx-hh3iLCCr1YR5H_Bm3nPNc_aPqzRiYZEpEi4WIUM5xufyFb5WQln7v6jkojeITxHl3cUlzy6cwEHQWgnrVpkhP6xDMg4duZWh2&v=404,
https://ccc-x.jd.com/dsp/nc?ext=aHR0cHM6Ly9pdGVtLmpkLmNvbS8yNTU4OTczMDQ4Ni5odG1s&log=110fSJkty1F7lDU9MFHUO_2WZA-MYD2Q0IuxFBpOAzBKTGtj7G5GYcSuS65_EXoLumasy9wJJVjlzep0bW43tHJMMD3p8DAMsVIPCFsFqEd9fq0U5ipbKMMp4HkWqdlktXhe-QlIb5Hlf-PqUCgZMgD3dj7memH4hhkGjVoj03WfcSs89kzYWkzYe6UxEBv2-y8Pq16h70Nl2KMP1scBEw2_T429_KYXH2ZgynpsQqMyPfd2WExdHy8UXGFxcsoyUA4da_kocwj030i_IXtgsUfxopT3H8BPwQNYJD6sRCBClJjw9PTv4VVR754tD3X5Dzodm57S2rBq71LKygjRw7zrvlh1jhwmseRUktJN9N7KV67wgpwTeULPE3z0GlHabqWGU49P8dxEpRVKE9nTwykmNJ94qWxG9av1nBilB34tic8rTNLzo4Cb7oU-orR8&v=404,
https://ccc-x.jd.com/dsp/nc?ext=aHR0cHM6Ly9pdGVtLmpkLmNvbS8yMzI1ODU2MTkyOC5odG1s&log=110fSJkty1F7lDU9MFHUO_2WZA-MYD2Q0IuxFBpOAzCnzhHBSm1G7WIgawE9TX1j84HWED5cleAhJHWnopNKaXlDs3FkI_hgtNkDqsFgDZ_SF0DnWd4eh3VWKKaY1oEl6_HknF5DXfBEPMStR5VaUsWNdGCGwkHvewhu5Rr6BINBEbfqAI8x_qnJCzc-BjzdFR8Y1DUz2FuJ6ZViS6rEKzfH45W7aEit3FwxgaLgTJUxiRvrj1xli7_pQcozbrfrqTBPSzjkZHyYD-vvGB8sHvJZy0Q5Eu_M92asSDarPJ-r-vzftwqhe9aoDmK9ytCK02mybDMDuhwuYQq5b-yg0P7JO5u2J0g28pOH02or9bSzwmM3WpuyjnUk8QLPRL7R0q9GZI7hHQNvtSt7JgW0J20Kexrhn1BKmsNqonuqhj3f2o6DJK67-1QH-5D6_8gP&v=404,
https://ccc-x.jd.com/dsp/nc?ext=aHR0cHM6Ly9pdGVtLmpkLmNvbS8yOTMzNDIxMDk5Ni5odG1s&log=110fSJkty1F7lDU9MFHUO_2WZA-MYD2Q0IuxFBpOAzDj4vJqaENZ_B2CrFHY7oAz2ALkQqhhda-ld-KxLHB9JvEqfnH_Gfj-XDDkaOIsewzppdwGAfsbKIcZCGvhvvc8hpZ8egoRWR1AVo_DKb0tnK1VsWj2lZrDAg9_TlX05tFfMWDtwjMoyETAc7azr_nj30_FcwfjxymPzm6hEd9hoRjxdUtQpHF8RwZZy-W7c4ZTvrKfFtSNqARy6lqgCy177qKisUP6TsPHJXiKqO180O0ZZ_fkWrFREg86R964WxBHLWVUFpZOd9j2ilvWK8lxKZHwgqljTgAoUIxiQY3CmMV6C5VNckBuzZ_bpENU2fFvjcTa3wrI1Qt8YHOpTj8bXIQZbswNNc5rltLxRFlFsaw18QUwbALT-6GKuizt6r2OZMxguSec9p40lGPrVAyx&v=404,
https://ccc-x.jd.com/dsp/nc?ext=aHR0cHM6Ly9pdGVtLmpkLmNvbS8yOTI3NzE3MDUyMS5odG1s&log=110fSJkty1F7lDU9MFHUO_2WZA-MYD2Q0IuxFBpOAzAY9bL_myHcJcKi36-DvGRqJqQx1Kd45Ygp9u5KopaGggv-PB9QScOLw70K3yx4CCMdBo21Wz55h582E5yKeqDcgsB1NbYe8QfQqlK7iM2rbMeQoq2wD1zUgatzmtTVnOxCfBbOC4tLq-0_W4klaHH9CXOq9lYdWrRDpFtak7N-xsvGlw3JliVddxq23i92sZ0g2VI4W7sL1V-oMVuKy1q-IsVa_WtF_xYLuVF02k49mdIJTf69bYSiq6JzMYDuRbpKjP6IpD9B8vHHP3F8QFE2pL4_MkI-ED0U_bBbQnYVxuLEDWGXZpZgeBWbYW4p0q_d3c7K1XYrx8GDEVkdnMl1nLiO-Knr3XB1JviNrBbU4P4abHg0Y9z8JG4h1snbrBA0uv3EFyxVq3WMtrRGDDr2&v=404,
https://ccc-x.jd.com/dsp/nc?ext=aHR0cHM6Ly9pdGVtLmpkLmNvbS8yNDI5MzQzOTY3MC5odG1s&log=110fSJkty1F7lDU9MFHUO_2WZA-MYD2Q0IuxFBpOAzBGJSZDpiMHanw9xvBGMO26I-hzp7OIsC2KyZ6uuKRgGSQRt8AcZPUlmzHcXJzKDomC9nyPTD8wqX7r5RGo5zSXdS1hBWzhw_8wuIQIK8jNPYuZi2SrE4mLEzBh0U0_raKwd5xrpYGXHxa5fY8DX3PIQW8pL4tNUOOFcbR_J5ZajQbyK2LEiyqw9_qUdpBNyZhHPgDxS4HDy-b_ycG7dR21Ek869ZFEMiKbQMI41cI3cOhDYPrpv9DkSUgSChlIZzlc1-HEP2EdmMMjcFEULuDexPOVeCJxjH-eErTsBq6BtzhO4O-a-q3IAAmXKxWvErVRYyBJYOs0cb5EBwe9dp2tq4zroKHFZaSmGQ1Zx3i4Bw7ExLG1xGnv2_Jx36aBcZP2bE9elZEjmBNhZp-YREN2&v=404,
//item.jd.com/7336429.html,【返场继续疯抢！】R15 4+128G版直降200，到手仅需2499，仅限19-20日；多款爆品直降，快来抢购！点击更多
//item.jd.com/6932795.html,【返场继续疯抢！】R15 4+128G版直降200，到手仅需2499，仅限19-20日；多款爆品直降，快来抢购！点击更多
//item.jd.com/5283365.html,骁龙653芯片/前后双摄/四摄手机/6GB大内存/长续航/3D双曲面玻璃！好机惠不停请点击
//item.jd.com/6176077.html,【领券立减100元，到手价仅799】4+64GB大内存，18:9千元全面屏，精准人脸识别！18年携手小辣椒一起红红火火！(此商品不参加上述活动)
//item.jd.com/3888216.html,轻薄有型，电力十足！5英寸AMOLED屏幕，4100mAh大容量电池！华为新品全面上线，更多优惠猛戳》》
//item.jd.com/7621197.html,【三期免息】6英寸全面屏、3760mAh电池、64GB内存、1600万像素AI双摄更多联想优惠请戳
//item.jd.com/6784743.html,【白条3期免息，京券立减20，购机送运动臂带】6.26英寸19:9新一代全面屏， AI双摄，4GB运存，指纹面部双解锁！618更多精彩>>>
//item.jd.com/4768445.html,高通八核CPU，4000mAh快充电池！618年中大促！魅族优惠信息戳这里！
//item.jd.com/6199890.html,【优惠300元】成交价2799！白条6期免息！华为手机钜惠享不停！详情猛戳》》
//item.jd.com/7109904.html,【高贵气质限量开抢，白条3期免息】新一代全面屏手机！6+128G大内存！AI智慧拍照，照亮你的美！更多精彩>>>
https://ccc-x.jd.com/dsp/nc?ext=aHR0cHM6Ly9pdGVtLmpkLmNvbS8yMDgwMzkxMzI1OC5odG1s&log=F-ndRCOUzdGSJIIij8gXk0Qb7IZFhkwcdoAFGM9Ub6ZnNUnTfmYcAqvTmnS65zudwHWbdDwiDqv7LJDX226f63JrWCqLYrIHEhxngLunf4TccsgC2feGMRY4LyrjhtE8R6Cb6V9dzjaZSkqLnTImHRV9pc1-7TqQ34-cV9uYxMiREBzeXDyif3J8HNvv05pNtdPePN1i3k3CBKeOj7EYFh_psCd_Rn87XtSZFxJMICpstw4GabRUolgu56N5XEE1GeVrUotf3q04Ivy-qm-Vt4E-ajcdKcBCzwfkvpKbjfspjhrxLNfCFLIkHYUZEDM8-SxxDR7R3ZOBLE1wkWJy-heMVp_08Ub92a00n4y62i0QucD7lfy8f69GHKtuTBnoPyv5e2h-tN75TI_61oXd1AFbIASTx3Nd2PhfeFf_EKhyapcKDSS66uv4xfE4yCcD&v=404,
https://ccc-x.jd.com/dsp/nc?ext=aHR0cHM6Ly9pdGVtLmpkLmNvbS8yODEyMDcyODU0My5odG1s&log=F-ndRCOUzdGSJIIij8gXk0Qb7IZFhkwcdoAFGM9Ub6YlHG-RTYwv3qibILMOzpakkQeyShSwO8hNxaKPu0ZO_yCNC4lO6b7mPU0wWLouNmYLa6r3DIsdeaWxo7pCYJDCSK1nmQBaAKUwAIVipJBYhzN_s50yXI4hcbE4iYvqdIABWHWuQWnMVmEBJcFwUBAsyFmydjhcluPvlhocalD29cbsbPrkmt7MKhjodcj9chAMcu8EH6FyNcTN5hmgVeuGSpzemOnl9lojfqtrJIIHOXFUhM-WO6wMsIj3uRqSkIKVmH85Q-qHKY-j3CBz9IjKp9Ygxp4xJkPiyGYHLyUFUuF-u1zac0NV_oKyOjX9880iA9d4buMfOgJNj3wgrIisi9COD_fy8cSASMsDrtj9VhS_19M8TE1nhg_TnK6gQDbGQWveqKUuR4a85SAxJ8ve&v=404,
https://ccc-x.jd.com/dsp/nc?ext=aHR0cDovL2l0ZW0uamQuY29tLzEwMjEzMzAzNTcxLmh0bWw&log=F-ndRCOUzdGSJIIij8gXk0Qb7IZFhkwcdoAFGM9Ub6bvJ6Zq5irqvm9tgrrf3Or_cXaaTwpt6DVb9eyPCzNEVs2RRQCJv0wVojpuUKQeunyO2LtPTe4GGI6Y_WUrbcvZ2zaH0jt_HTgytUqrQOFBfUIBF5Q9Ew64jfqKhAtKNXOZYLoR9rn0v_fcAd7UhuP39bUoyXZ6tOlNo4xoWMuEt0pwoqIUvZyMJW39D9cjUubR0fwnXe0LGHHurNEw34YhXw8kJ2O1vxEw0DN6J34tDgGi1oWdRpYukKz904IE8jD3eLmHhcvRITBAlEbUGdzew0lemv-Z1YpcZJpIfN10z5hz_6BgEjpj24f2HxFKNtwDiarExRvfSHvy8TMPNOqIrIbRHxjGT2JTPoyPnFDPHfmCu0gK_k-84j3Z_uWFVY0DqOKKNNeM3GUuzm8ZNp6g&v=404,
https://ccc-x.jd.com/dsp/nc?ext=aHR0cHM6Ly9pdGVtLmpkLmNvbS8yNzExMjcwMDE2NC5odG1s&log=F-ndRCOUzdGSJIIij8gXk0Qb7IZFhkwcdoAFGM9Ub6Z4vDOSooyWFo2EZprnxmlFz0LkoDpUcXXtAIix5MniqUITChR0B3uuq6UXyJ-BwDQTTsgCWOwfZ_NfOxxMxX2RqJ4zSaLaXSKb0JZZdh4gPdyY_nf8XWNsWJ8AEJDppS02qyxxsi1JzFGswTJCdnwvUVt3uZCXey0iO7yUi5SVxk8aN7_F2cwBGhylXTH77ZGzKA1TqSamyYw_U6UxWyWzmVHhw6R7ENWSq06SVdzjH0drBFh8bO5UVqRIQlhFq97bJdgK8OM60RBK8Kn-eKFoB1TYxpQVAVCrvv8cnmAtjLMWKpEop9dHCt7r5LX_EL7IYg_VGdPpyhryor8uPcmiExxmAu2WtEnDqRmlYVTuPJ4D2t8b8Ryiq6xS9q28iqrhsrK9LWiOzPs10UWydZmUVpxXKd5_RIW0KimbL-JUtw&v=404,
https://ccc-x.jd.com/dsp/nc?ext=aHR0cHM6Ly9pdGVtLmpkLmNvbS8yNzM5NzgzODgxMC5odG1s&log=F-ndRCOUzdGSJIIij8gXk0Qb7IZFhkwcdoAFGM9Ub6ZUnHBll-bDbz3MJsXRXE5wVy02wxY6_YK5esbyV_sy16dIT73V1vhD0bKZnbXhMvU6Cacd8rSTuH7QodfwvOrm771a1Bx8JbVqy9EukQ27JtVeFWfPyOUBi8uUBlAxgp28KAMymNnakA3hLlx6DDQrokFI8w5jPj6vPJoxOkxbft35Y2ltDVP2WzXLTQaxZjDz6pXQPfob0gOQ-ds5lCaMa54NqbjACvCGDgK2FuV61pGGXP3gg64pOfk2RsBmq8li-avA1S5sS-aTt3cef-Z7vDXuFH61-mHEBxsdcJrAnVIc5FtTX5NwpHvgqgoRjdW3w-uS74ufaPqgq-9H5dCT-4nolKe3muLA9320LGSYQHzbz34ComKnRsW5G9AVa8aerQJGL_atudjRgEYtbk1e&v=404,
https://ccc-x.jd.com/dsp/nc?ext=aHR0cHM6Ly9pdGVtLmpkLmNvbS8yODI2NTU5ODA2OS5odG1s&log=F-ndRCOUzdGSJIIij8gXk0Qb7IZFhkwcdoAFGM9Ub6ZzzbfJijAGHgIjD0ADw889mm7Mdsx-jr0yf6N1FBUFoqpybttdhDTf4NplQA3JAbMv-KZeKmanFaXWheNUFvOseBDlyLcbbqhlfswusrc5JUC8xiS8R1BfIGfVVACJ8FRL6j2WwHsKFFyHcdnyRJvRsIoUkB-c4x1FG-WtbaACiSMg9PtJuIQ2dRaj2cEpUKL43tPQqijGARE-7Y9HOg3Jz8hQpj8tR0NswNMiNzmmzM2Ew8PzauN1rAyb8PL_f_ZPSo_ZlTtWwlM73BqbAZjK17IQJou6uJ_JIDpleszX-dc88ZQUa95CA9WZkqFQ3wgJxKX_eD-dI1_JfvzW2tUyEkyFL7GoBHet3mqdkHuUYCgstF0RnBvGCOjD6aE9VAHu0kiL4c1DDvtsJWb0tEJwkKWMpbIWGWWcJsiHdIxUtg&v=404,
https://ccc-x.jd.com/dsp/nc?ext=aHR0cHM6Ly9pdGVtLmpkLmNvbS8yOTQ0MDQ0MzE1MS5odG1s&log=gRGkFQZxDRSgpchgtxT36Uq2bgbsk3Twui_HcdEdZcs4FocwHZuKGLlbXMdeLve8S0fK7taU5wbfCvhArqfqHUlV51ilelCL6IvvO5SgK0RdPrd64wqPXDJiJnTVjWH7Xlhbbx0vqw2VoRSqlmzPWAA1MzuB4ndwDvBlQCgjpQ8aLa47cdanmyLdlR-33MBRFdHbykfAOm4Ri7A9aYsj3olTQ3eExfJrmOgzm2EFBSxf4nLc_9tcJ-Fwg3RJd-HCs0nOhEWmYiOe65wPAaQgA3NMiUbUtq6Y8jEBIp_bkJnIJbMtOh_0a_VM9NHRL2TJebGM2b4P1BuGQ-nTpTM0e2FOxbqurV8zWFUTNaaFtdTHWtpDyKjVAdU0AQCMQvuJ-pmn7JZhmg8zc_tIXwWpYIdm1NtElKy2u6T8QQECCd2GAEHBZCgw2-OV4e7tWvyy&v=404,
https://ccc-x.jd.com/dsp/nc?ext=aHR0cHM6Ly9pdGVtLmpkLmNvbS82NTc3NDk1Lmh0bWw&log=gRGkFQZxDRSgpchgtxT36Uq2bgbsk3Twui_HcdEdZcsn2ouBarECs67nITLsnCugVH2bCOgXrjMjImGRB-pumkD-ii5cQ_jzotPlolbB4rZfX1MpKoIjvpA-NkZ2nSx6IAFT-Lny1bM-Npkf_e9Vcr4g4NYDUTrHhySeB1naOxBxwdBbxG6IdoLObg_OKl__bNiWjOmLNg3hOTxH-jhU5x0hbKTZ4xOai1uBf0V-Ty_GvW3kMJZrB5ejbmnGKh1X9YRbnUU2ZOIxABm4O86fpOX5bNZUupkvXCg4XVCAA3gaXHAI3a1rQDUuGfOo2vTHh4SGZmyUpnd3IUOks12kc0-mGlp_ejyK66k3oFO6xkILgAcL-ARur7N-lmLkeJjY56IC5RAz8D-lwwPMui2RT-iTZe-VH1bAOr9dsvbvRhpzz8y5z6tMdSQmJIF2JuMI&v=404,
https://ccc-x.jd.com/dsp/nc?ext=aHR0cHM6Ly9pdGVtLmpkLmNvbS80MTIwMzE5Lmh0bWw&log=gRGkFQZxDRSgpchgtxT36Uq2bgbsk3Twui_HcdEdZctXLhJoOK9Q3v7SWlfozNKMfWGx_axOtKhzAJaVVu83MjSQtTwkLtEOaun2B1H9GwgG38WYEaZxrVStomiVl8l0iVxHBlmZYl5CKi-XoyUU-lC-TI6g-WCWuQ1qs16-aBuSBMEnI-ioDyWe_T502hUdLWADJzn8Nzs7D_wLQHbtunmADiK421ZT_dPga5OUwPRXTthIbXGNLXayGpUI-aaf0bq4kd2Gh_9Rm3pkFRIHJENeUEAgNMbTC--mAJc_7c4IaJIxrpsmGp_yl6PiVOqUgxv64OcizWNRX9WolfBeAnDNcse0YEVv8mNK8anaOrc8PItWcGoCNuRh53TgCPoEWxTwAjWlMwTx5wF73EGq56T1JdLerEG7lT0E8PWbbVJEoXnJnYhr1BrQRsBjZ-go&v=404,
https://ccc-x.jd.com/dsp/nc?ext=aHR0cHM6Ly9pdGVtLmpkLmNvbS8yODI2NjgxMjc0Ny5odG1s&log=gRGkFQZxDRSgpchgtxT36Uq2bgbsk3Twui_HcdEdZctzGFE5Q8DLqrfPT6rbhsvhm-EGK3SKgFIow3YxLcL6j-MI3e9mkVW0e80L6l9bvtQBPASb7Lk-4I93rv1VW8VyfAccOkSTaP3zTY_pK7AZvd0GbQh4nVzH6QrRSNN0gH3lOOaKgalxQSwedXBEjrqZd4Qsv6OrCL2EdvG7ThX6cuTEVq26RfxgFTGsXT9fYDbdJPndZKDsL2mxyFgDn5FLuCQW2PCbQK1B9e8vlSJ1dZI3lUEGu-6RLuvUyC3cLGZpfMgRTuKLlT_v4EYjG-zrG-1PVJTN0NYQdQVvwovsf_jDeoluOE8RN-IvnH8zbEdXfLfC0rLd14CLq4fjc0XslXyrU3EF8eQSaEWXk272iHs2hOo7Lo_HANwvDtc48qzJfZECMneHenQQObRAnRUJ_3D2aSIRuXVeJQ-wDziNdw&v=404,
https://ccc-x.jd.com/dsp/nc?ext=aHR0cHM6Ly9pdGVtLmpkLmNvbS80NzM0MTAxLmh0bWw&log=gRGkFQZxDRSgpchgtxT36Uq2bgbsk3Twui_HcdEdZcuo_rfgQe02nWAkR2V7DslTVqr9rhUrYGkJItuxy4HU03Ln8khyn3QZzpXyXoL7-8zWhIiN9Pq-IZ50trZoKNFFXadGkkzRxQ0GYmMiJjFkCOkl98Zf3yC5Ajxsejg0VjKaj2CsSY71GgkGRsEMpsfemFeAjmePogIOFibNc3MIJHG9z17m3jMbdIRODOh7CONH3aRp8v6xy6phWI8AuFYPrEPgXjm6xvrrK1PETcX9BevRs4VmLXtqJI3LZ-w8yWmHH0KIjE0LmHU2JjHZtVA8Xvui5DRzeIZ8wqVDkWVokl2Z7RAcP5CNn-qkw7A7Q6jWJGqBKoHa8y9s8x6MyYHrz5DNorNG3YxVxzxYY_a8N2la_yTmkAIsp86FobA5fZ9O3q2o2G5PlTwG05kL0Xx_&v=404,
https://ccc-x.jd.com/dsp/nc?ext=aHR0cHM6Ly9pdGVtLmpkLmNvbS82MDM1NjMwLmh0bWw&log=gRGkFQZxDRSgpchgtxT36Uq2bgbsk3Twui_HcdEdZcupoglY1MSur5MYny5OzYp17t2AgHTUUzyZpR3RGVCAMhqOKs0YBSvVF8UUJiApAyMQitzmXAmXwPyejoMOOM9mkFpl7a78Ok5cv6282HwpE7aL77Jz0ZOzzktzA59wJB8ZjtHg8eoJWbYck5MCXAX1c4aJAlC3v19rWb0uuUEx195PDZthHjKa1vUz13Xm_6xahdKIMjmx3gyA2oLGABI7c0EvoA1gt6r6gUyKAwCYWpLGtk1rqDzhLX-NUYGMRn3INGsKg3l_e_IGq-rAd86V8yZUnwWbbE_fW7BoSrZcfGu0aeJwAHHKwYsD1YpOhfm23Dr-G2EBYyGqhhJi3-4TRvUGNbKQuGVf5b8T8dQUoTtFB6xPl7qB-Nz-XG8pZhBiKBLCofu4URDHY-zJfFKpv_k6qQ0KGWVMhdLcdysWZw&v=404,
http://item.jd.com/2222729.html,陈克明面条 鸡蛋龙须挂面 方便面条 营养早餐面 独立包装一人份 150g
http://item.jd.com/6156680.html,KOLA 魅族魅蓝S6手机壳 魅族魅蓝S6保护套 TPU硅胶透明防摔软壳
http://item.jd.com/6203633.html,KOLA 魅族魅蓝S6钢化膜 手机贴膜全屏覆盖钢化玻璃膜 黑色
http://item.jd.com/385823.html,得力(deli)6220 20cm塑料直尺
http://item.jd.com/1524023.html,百世兴 休闲零食 酒鬼花生米 麻辣味20g
//item.jd.com/4483108.html,5.5英寸大屏幕！4000毫安续航大电池！华为新品全面上线，更多优惠猛戳》》
//item.jd.com/4720749.html,新版105灵动登场，屏幕更大，按键更准确，手感更舒适~诺记经典，值得拥有~猛戳享福利~
https://ccc-x.jd.com/dsp/nc?ext=aHR0cHM6Ly9pdGVtLmpkLmNvbS8xNzkyODc1OTY5Ny5odG1s&log=BBQfr1_Ab4zyVNPlyohok81w1lkgrcsyBI40KdXxKGCtkjqSwvrjkHRqeS8FHLOYKWfgICeFVlMDJM8XSMt9qER2y0RXkoNQ9YteZOpcTPXzV98UdLYjR9unS63VWKIkQKsS-Wm43u_NAsfF68ryik_RxrUs_AQIxJf_FBh1JpFoC3lhFOlJ1Gm_L7Fw7Gxm8isw9Wi9CZ6lO4eLCktE4smA--YUqaRZ5WwSp9bQ62d2h6YH48N7jZB-CU7zBbhryxN1Y-_BcxQGx3OMIVCjwDuZZwDIyi7F3neT3XdzJQpTLp4_bo6U4dhBbcFjzY1Hd8i2BCYxh6upwk7Vcq6eZpZiskah56cLxav1zbpmqRcY4WOOcSM3Ziaefh3Qi12fkkE_4DKUjRxQXu3dEt7hVgTwVMuz4yuuucvA1bulLyPoYlgEkw4EBeKcK3-gI_XF&v=404,
https://ccc-x.jd.com/dsp/nc?ext=aHR0cHM6Ly9pdGVtLmpkLmNvbS8yNzQ1Mjc2NzIwNS5odG1s&log=BBQfr1_Ab4zyVNPlyohok81w1lkgrcsyBI40KdXxKGCX9TJq_hKmb0A6g84Y3QE5jLWRTYcX4zUDxrQ7Enn6LD4bTLCuIa8UgEVeOnp520nE2fClpCgvk3UQE7ULQCFvSzUSUXkK_G1iHCgeYcPfZhI7roM9yQ8uokrB1g-wz0UTLGc7cAQbP3D7JJkLZF1bFvBthjLN0QvbmQgwCSPRBN6N-82z-Jsfn2azDbnktVEPedZOjuA5L1lBy9ii-ypBzBpi6QtwvRvVpPOARbPUu6cFZkqm-fm11U3RBYvqcCJeZP3kMkOMrrgENa9LkyNzC0hw8HKZwkATpyTOJe0v_LzfMB-4985GdW5uP3kowtkt2ePO5ZOPCX5HlT-8LbLqz1nDlHsraj5wBNWx3QKTZdDGKewJeuol4jCDEuHBjdiQ-65Yb72uqNsCrwMARUMx9YJYfT8SXkGGMBBaQV23bg&v=404,
https://ccc-x.jd.com/dsp/nc?ext=aHR0cDovL2l0ZW0uamQuY29tLzI4MDQ2MTg5ODMwLmh0bWw&log=BBQfr1_Ab4zyVNPlyohok81w1lkgrcsyBI40KdXxKGAePT89bibCKjqdQyuNLaKRDbACuJHWyd6BPDXVDrqykXvRaQMJOV_h18MxId-ET49akYKGPlt4PcU22uhpgYex4DUXTaEf4nfCtGY5DBBvYnaNwiBwi0TJCnY0pDSIz3-4zyjL2tEUptgeqebLeIeulJ-tq68EcI1kSgamWOREieU7Uu6JXETlsHsHWI-zlRoY3JjEKvKyXMcimRNfMjlqA6hSQimZ7h9v8PYU6Sfr0Agnb34BfZ3QsOMYDeo-Nj09H48E1QG1gOa2_RJ9T6TByV0zjUuE0Z39R08owJ1C_5raicuKi-i0t60ap3vI0F2lzVAv-xKFc42_-aXjWA1lCMQQF0BwCKH6ezsB5t48L3sEhAshdfWnThgCnOQ-W3yWf0CFZyD6497hU37YfPfunsI_Od1gIaSNQtT-nGUHxQ&v=404,
https://ccc-x.jd.com/dsp/nc?ext=aHR0cHM6Ly9pdGVtLmpkLmNvbS8yNDYyMjg4MTQ4NC5odG1s&log=BBQfr1_Ab4zyVNPlyohok81w1lkgrcsyBI40KdXxKGBZUyMQqxbI9lwbwrVspLV_VqKKcKAotIBYh4WLOG69p4pZozqFb90fy3_FlfgRP5glnO8vp1aw3Cn-6homdz7TT4gyHV4X2l9Vwg_mGKT29UIf-lnlESbG1YAxOSKclBLjr4q8PTnM-uB8MyBKD1S3_ZGfGVLVKwc0cmS6-5DaQ4K2koURKTt5uE6141rQQ0f6KPWgB7HCTImhgc55bkch_hta096oi63DOZB9Z-XNzoyOyhDtkfr4VjDgjGz5CUAwc45b_ecVyv5B2rWZFg_XccGTba62BsTx_b6CE9HaTviTi25uC5ecwCxwM9RwkhEZQk_mmPsWr973pVvH-QgN_X5gPSRXANcnxRpl9N6D5W1GA-bgNfr1VZwyFcF4PPGxxUMIyuQsEyMj4fVApqoErqIwBifm7xPdmn7S3-K0OA&v=404,
https://ccc-x.jd.com/dsp/nc?ext=aHR0cHM6Ly9pdGVtLmpkLmNvbS8yNTU0MDQwODI5MS5odG1s&log=F-ndRCOUzdGSJIIij8gXk0Qb7IZFhkwcdoAFGM9Ub6Zn6LamY7O613aIm5m2CtTBIGSujH7N323P1nnVLQGYyxGIWckI84gJ00sgstT1WyCcIeBFLBgwTrW5LvEMu3uNnZVGMf41UL6017_Xu0tdeLbU7gcrih0ngkxzF07LsUOaHtfSXS1z9q0ViuMfyhO7FG9aWXklx7bINeZMXEM6fEtu3pmI8vonU1hW39MCi8OltaQraQlgwCqOZ81iMx7-uL0TDoUucFv5zp_5l_dupnBMQ39_g-ELQ9dIJdWD5HsUFCek-R1c-1jv82nDWkTJ74SXoBKuDmfyxrtXHOrgb8lZ-Tx0k2QeRCN8-njYIZ4hbCxpuZ1Xtm28mXbE5LcRITGmjRs7O8qXkBzMTX7P_hsxgyuH45euJQTghRW4wi1ET9Qsx-t4169W-aPEr3EA&v=404,
https://ccc-x.jd.com/dsp/nc?ext=aHR0cHM6Ly9pdGVtLmpkLmNvbS8xNTQzOTYzODg0MC5odG1s&log=F-ndRCOUzdGSJIIij8gXk0Qb7IZFhkwcdoAFGM9Ub6aMOn999FCCl1NLo-J-FMbIgCL4WV__WbG2tlcEteaY0vu8et0ldT_bwV5CO_aUughXCb7kru01wS01_hyJaGUchNCo81QKWC5qyVVusvK4TB0dQvEHsinqyfHMyvGFJQJRwvyqE7H2NRjYXYao54sf8MCugsWP7qpgDyBVBNJFUAqSF508PvMlMly6q58IEvRqbTwqZz4CvxoMLkA3ntgd7n8D7B2BYFF5n_jSSEhe6eBFWvSfElxIFF_g3Y6KgvY-UefhwV3Dii_Yr104N6BmdMSk2xVun7L-tHPuGcXQx1_lHqrtkX1f-T5KiLhepxJa0aqxr9sgkNxVHHfGZFjStLxDRDBjgdWSeVZ7lw5Fq307Lb5F6W7DasLwUzWpTRod3GJKmd2JWnxRKx6U1bfiR-PGB8ieAlu61ZteOOqUcw&v=404,
https://ccc-x.jd.com/dsp/nc?ext=aHR0cHM6Ly9pdGVtLmpkLmNvbS8xOTIxMzM5MTY4MS5odG1s&log=F-ndRCOUzdGSJIIij8gXk0Qb7IZFhkwcdoAFGM9Ub6YsnHFCRxZMnBsCx-d2CgBDdcrYNXHXTR_XMChbs1mt6IPwweVE-R5xrTvw3m-rM7Oi6bWjqHSeprx7ObJVifUBvpUbOsPHDp5dly-pZDjQPnPjk_XPEchXwWW1tkjCvFpL6fPWeWVdazcPptegLKI5BvrmBmEkUuNSlFOgZy5CC8PhkWf_QFkUW9VHtPNeJEgVdT3tkkymnHnaV2j_d2BmehFZucTf3QxROqqNG2PCV51y1ZeKFhqjUqiRz-yzXYh9D8FCosGiGfnP1eBU1fd7AfFWBoCEwuGN9X_TLQQvuCrm_ytbfha8wxCXOfJOr81sEHzIrWRrcW2iNI6FW6NUefQ3ZGqYAtbAyWUAgcOxzbUHRk4Kmh0CBcx9HonpJadZgfZnnnEEErEDDimOkB-h&v=404,
http://item.jd.com/4344358.html,KOLA 红米Note4X手机壳 TPU透明硅胶软壳保护套 适用于小米手机红米Note4X 3GB+16GB/32GB和4GB+64GB浅蓝色
http://item.jd.com/4250912.html,KOOLIFE 红米note4x钢化玻璃膜 手机保护贴膜 适用于小米红米Note4X 3GB+16GB/32GB和4GB+64GB浅蓝色-非全屏
https://ccc-x.jd.com/dsp/nc?ext=aHR0cHM6Ly9pdGVtLmpkLmNvbS8yODA4NTQ0MzY4MC5odG1s&log=gRGkFQZxDRSgpchgtxT36Uq2bgbsk3Twui_HcdEdZcuEIzPECY0wYTbJZ5Yo3pEg6dUDpBscKFzInjKLnG-5G1EIurBd8vII6qkA1GEpC_SN7U18BfNNdAh1c1kk7fuug-dMRTMm9BA45Ms8RhY3IQTXyhTUlpwvl4Fv96rLL9didO4gaB2Ub3uGTDEOk4KuLiVqXri6G-oo36c5ulPxpaQ_CMNlrdD5Uqov1l_XM0fLozJz0oPHDNLQ1--Z3rPc_X2Bl4AzUu69dhM_HgbR2yYN-ZtDIjLrw5NXriiXlibq1YmiezUn7VRRZX6wZUghAU3Qc7K99bSMJ36izR8V_nfAo-4CKoHhEMRDwhvcbtswnTsjyuh0NS38CPglrMffRDNv8VynfLT1FFRsgRLyWmnck7mAjd0ilM1nkM8x4besk33wu3dStBNx9Z7ttlirJDIAUNPOwUeW48rIgK0JlQ&v=404,
https://ccc-x.jd.com/dsp/nc?ext=aHR0cHM6Ly9pdGVtLmpkLmNvbS8xMjI3NTY4NDE0OS5odG1s&log=gRGkFQZxDRSgpchgtxT36Uq2bgbsk3Twui_HcdEdZcsoGG5L0_CI8FvZTz9GlnH4yeSak6EZFpmtJ6POTkf96cfl2UFdQHtapgl9r0JxKzqR9RMVm7I_ass7zPh32jejt0TTDm2BjpHV5SLz5tt0uvqO8PWHBXLMn49LBHkKBVPw0Ve4G_0il_7yn7ZSMHFEQtfq7Ugx1jq8C9QS7uuRwUCLexVtxNUZ3YrsmI4nW3Z5RznwAfPY00Bviyxv15a1d9nygtvcYCHxCXeFVpO-iITYtvSoa8BsahwgxDnRwNfAft-tMDAAGZ9oyt5IVktHMQrE-0yjfH9llmSyjz962kemLydMWx3X97zeaZHnq50_loJMkxygTgwkV3F2rANsD4YmKZ4DjKlYYplloPyKPM0dnXkpbXYm4_PmlpASf0yjIHwS5tWhq7rhQEC4SFWP&v=404,
http://item.jd.com/7225089.html,KOOLIFE 一加6钢化膜 OnePlus6钢化膜 全屏覆盖/全屏玻璃膜 手机保护膜非水凝前膜-黑色
http://item.jd.com/7225165.html,KOOLIFE 一加6手机壳 1+6手机壳 OnePlus6手机套 磨砂硅胶软壳/全包外壳防摔壳 适用于一加 6 素乐-黑色
http://item.jd.com/2028623.html,金沙河面条 鸡蛋麦芯挂面 方便面条 营养无添加 鸡蛋面150g
http://item.jd.com/6203721.html,KOOLIFE 魅蓝S6手机壳 魅族魅蓝s6手机壳 磨砂硅胶软壳保护套/防摔壳外壳 素乐系列-黑色
http://item.jd.com/6203729.html,KOOLIFE 魅蓝S6钢化膜 魅族魅蓝s6钢化膜 全屏覆盖/全屏玻璃膜 全覆盖手机保护膜非水凝前膜-黑色
http://item.jd.com/5975553.html,ESCASE【壳膜套装】魅族 魅蓝S6手机壳 送全屏黑色钢化膜 魅族手机套 全包防摔系列 软壳/透明
http://item.jd.com/2169867.html,想念面条 挂面   龙须面180g  小包装
http://item.jd.com/5115122.html,新良鸡蛋挂面 细面条 凉面干拌面炒面 速食火锅方便面 鸡蛋面 150g
https://ccc-x.jd.com/dsp/nc?ext=aHR0cHM6Ly9pdGVtLmpkLmNvbS8yNDIxOTEyMzY0Mi5odG1s&log=BBQfr1_Ab4zyVNPlyohok81w1lkgrcsyBI40KdXxKGAne5sGAYl6Od5Rlz42PBfmAVoe2BJb0Wr7TCLQGmkRbhsFUikO6i_tOlLlXpeOsX6VDZAMC9unBfqzLrqqslBOI1nHQS8pRPyQOtK4SIlsfOjTAvkii05xXCzbgLHajctZotnzs6jZ-WWky8-E8-EghfNR4vucUIpIiZJ9klNhAsnHu_mdkj2jTzirLi-raxj3B1Vz4t28eufbKMdzJBGPLVzFD7Ey_cfRprrjCybrU2E-d02fJ3F4rfwOnDwJM4Bm7GqSVnSAKKe2lxmCp7TgEjc-ff-cV3toRzs392lV2lzxPAGrqmenkGNc5jYQEsKijufnKHuME5fCztRRAnn8pCq6Fa85Td06NKHyASEo0N5WvqsS4OoywhVKW9lBVMsuc-h7-XcTGNjW7mK2NaD93_mj75FViXGPJmHMH6tnvg&v=404,
https://ccc-x.jd.com/dsp/nc?ext=aHR0cHM6Ly9pdGVtLmpkLmNvbS8yNTEyODA2NzE2Ny5odG1s&log=BBQfr1_Ab4zyVNPlyohok81w1lkgrcsyBI40KdXxKGAt9YNAW1I4u8te1yhe12h68nPZw24ElAH6J3G9DL6YmTOl0Asbbm2TwBqpqNsBd4BqX5rq618M_SkYCTWAEcS2pjKr58btWF3biHM9PfsFKlKeSGGY8KHzI_gysq1P9DH-cyOn_xT6SqBbMtE5PTBaB0yisAS34GdlPia4xrHN67xd-b1WuDV_qffR1-bFywkvG2i0VTL4x3YN-mXVzZQR02Ekuvj_QsOvPIjNElaiO-42UTK6mLyB2Ld1ngJT8JG9TvJ9i_fp95VGFUgbS2hiXjNNaksG1xOqJzkjmwukCVQWZQx-PCcWEB8IyKKClH22c4oeYAZRgaTt0_S8pa0Gn8MU8q2Z4OmkknBpYDuLf0_r9d-nQ6QmmibM-hXsoijHoogC79OdrpRoHyN6HPeptReTBc6RIWjL47MKuP83GQ&v=404,
https://ccc-x.jd.com/dsp/nc?ext=aHR0cHM6Ly9pdGVtLmpkLmNvbS8xMDQwNDg1ODY1Ni5odG1s&log=BBQfr1_Ab4zyVNPlyohok81w1lkgrcsyBI40KdXxKGBn_seLCgLzbh2osegui8gBXw9Q5wp_onnGNYJUT_7lJpVoCIcLXTL-uMGahsSVZj_FkRVE0006hF32Rj_QoGdn60Lk_18WsjsC2Zd5wzVpK-_xsxAngP7l0wwiQD5wqkIPCZaRlJrP0Y6FrCPrJ_5HCKIFlsETr5Zq77K3cEAbOGVqPcX4S32tnhh3EJdEg4jU-6vdTCrQP6pwblnDNDdH8MOYVo5IkL-rzzgaTfZgE_mWOVyZiNM0SfpUg8GJg-5ML7dhj4wgkj5IVJ_us8xv7Va6Njs4TLek7q5cIWoxR8bkFkcsnHo0yq2V_JbOuKBocY9t0KLOZxmJkr6hdkYmq0dFZKjYDkbzJ8IV4SnPe-iuzbBfrtDkv_mUFuNq0WhxF3b2a0ORJWPpfA9ELlCB&v=404,
https://ccc-x.jd.com/dsp/nc?ext=aHR0cHM6Ly9pdGVtLmpkLmNvbS8xOTY3NzkyNjAxNy5odG1s&log=BBQfr1_Ab4zyVNPlyohok81w1lkgrcsyBI40KdXxKGAaN0AejKBwqppOkL8ei816hBrt3HELdAW2-8M1VY-x5EhpId-wXhu7G_hLcAEUAwYK760qTCO3-R4GcUabhnvkojIFsnUQMWHwch8paCpbiobsaWu0xU2eagYQKFE-qesAuzsHSXu_zC2uXMLRG4pILiaIRzgPqY_KMtQVKrWiENlAnHKxWZeGKKSihZAqa3gchMDBBy0h5JQ9O9YrZFNVBhXjqipQsEvHWuvQK8cXDehj6xFeGXfqoPfqulEV2E0SMGfW_PLwnM-9UQByD_9K3Ia7sGqGKUfUMRCCaErcmdgaRrbdGNxeQ9dfRcu4UtKjuZKVJmFUaCVmBDwDPJ1OeSaBdlplM6nNs48iK5dA1WoLchsa5tf8KRUGKEC4CILMpaDB5sJ3bK0JZqKEJVyxk43GdKQT3LQKAZNLUNozhg&v=404,
https://ccc-x.jd.com/dsp/nc?ext=aHR0cHM6Ly9pdGVtLmpkLmNvbS8xMTgzMDI3NTg5MS5odG1s&log=BBQfr1_Ab4zyVNPlyohok81w1lkgrcsyBI40KdXxKGDKfiGfIpEU_TU1D_MSevGABZbvdNLTpmlXgzjyn02yctfyxEBC1lDkwtOKYYQg4qUcsm3AHc3B7gQL3naMFfguaji2VWXJMTYmsjSvoV1Az4l1nCrK8z-lTIDWf2nEOz8HMhuHZot5yipUkthj33oJxTVgN4KeB5bM1Kal2M6KDJC8RizA97iph7ppg9axTe1N0XhsbvKOfOhzN5G0tlNZtNz9mpYb6QPqBdPlQ-SDHDEpVIsi6SeTQDiduED_CUxYG675SYDGw8LbrgmTZNdzmXc628OzHRPBHqX5EpMZcxEgI35tecJB4rED4vFNgHeWTeI3SXCX8G3hNfuuRboZDnYWN-asxZBOiWnFWIGVCh6Lp9V66ZkYS4-eL1siB8V3Sxo8K-LLPon8aU07z1iu4kvkxVaWegiZId3qG9E4GQ&v=404,
http://item.jd.com/3767541.html,小米活塞耳机 清新版 黑 入耳式手机耳机 通用耳麦
http://item.jd.com/4460742.html,KOOLIFE 红米NOTE4X手机壳 磨砂硅胶软壳/防摔外壳小米红米Note4X 3GB+16GB/32GB和4GB+64GB浅蓝色 素乐-黑色
http://item.jd.com/11360390672.html,【送全屏钢化膜】凯彩红米Note4X手机壳透明软套（壳膜套装） 【标准版】3GB+32GB
http://item.jd.com/5447474.html,ESCASE【壳膜套装】小米红米Note4X手机壳 送全屏白色钢化膜 红米手机套 全包防摔系列软壳/透明
http://item.jd.com/4208463.html,【两片装】瓦力（VALEA） 小米红米note4x钢化膜（3GB+16/32GB)小米note4x全屏钢化膜高清手机保护膜 白色
http://item.jd.com/4541174.html,YOMO 小米手机红米note4X手机壳 保护套 硅胶纤薄透明全包边软壳 清透白 适用标准版
http://item.jd.com/3792153.html,一加银耳2耳机(曜岩黑)
http://item.jd.com/7011480.html,【两片装】狄客 一加6钢化膜 全屏覆盖钢化玻璃膜 手机贴膜非水凝保护膜 黑色
http://item.jd.com/7579983.html,莫凡 一加6钢化膜全屏覆盖手机防摔爆防指纹玻璃膜 适用一加6黑色
http://item.jd.com/6560206.html,KOLA 一加6钢化膜 1+6/1加6全覆盖手机保护贴膜 黑色
http://item.jd.com/7365952.html,莫凡 一加6手机壳/保护套个性创意全包边防摔贴皮背壳 适用于一加6 黑色
http://item.jd.com/7466909.html,一加手机6 3D钢化玻璃保护膜（黑色）
http://item.jd.com/7512808.html,耐尔金（NILLKIN）一加6 防爆钢化玻璃膜/手机保护贴膜 H+pro弧边0.2mm
http://item.jd.com/22033063910.html,加迪西 618特惠直降【送全屏钢化膜】微磨砂软套魅族魅蓝s6手机壳手机套 黑色磨砂
http://item.jd.com/10867029821.html,兵宏 魅族魅蓝S6手机壳保护套 防摔硅胶 黑色壳+黑色钢化膜+支架【套装】
http://item.jd.com/4572779.html,金磨坊 休闲零食 片片肠 熟食肉类烤肠 香辣味 22g/袋
http://item.jd.com/4342707.html,森王晶珍 长粒香米 200g（东北大米）
http://item.jd.com/1611515.html,得力（deli）9597 学生文具 绘图尺子四件套尺（直尺+三角尺*2+量角器）
https://ccc-x.jd.com/dsp/nc?ext=aHR0cHM6Ly9pdGVtLmpkLmNvbS83NDUwOTU5Lmh0bWw&log=BBQfr1_Ab4zyVNPlyohok81w1lkgrcsyBI40KdXxKGCdlFerDzAGXDLUGE-WOzfKCvqszFqXSfWN-acSSvx0L6o1FmgmpU1Wu5rwfNTutPHRys10H9skq04SozqIZrEsKXko5zgWS-OV2RuBu8iLnx-BG-p3Sb3pehtTr1MiIejO4yXypKZzxH7IrQoVFbHWoUKY7MimJfATBP6G7eTo46Gt-jFeYtIn9nkG6wzkU9scSUpQCUjb3K7Iap9FKc0qrS9DJO6dWWYJvsS7xPRZOcec7pii3qWFOKFeqhhjs7R-5XukR8G4IK97wB1kmwq4gsC5526U64Rcz9S-_V6JtaLuvSK8CuzNgtXbVRhAzu6YyucptAt_AOf76b2kmbF2KH-DsOVOw1bPRHoQTKcM80h5rF7SpI-5tk-eFoddsWkGVxYTMmFNKzJv7Q4TtVeY9D0543ZpuzC1FQAU_oA_bQ&v=404,
https://ccc-x.jd.com/dsp/nc?ext=aHR0cHM6Ly9pdGVtLmpkLmNvbS83Mjg2OTUzLmh0bWw&log=BBQfr1_Ab4zyVNPlyohok81w1lkgrcsyBI40KdXxKGBGGXL-9GBhYEljVr4y5NRZYBW-29VCkA_umNcadLDWAd4TgzMwc8-hqgccbFPWXxMK7IEtObAAsBZdUQ3dTYY3-6K434aeejO6_HkW3Law-BXrSMb9b2RN4sqZgcf7K_NCdeq0-yW8PMB2hS6m6TM4bx-KJ2wDmzyD6Rav6Roj5edCa9ohijNPk_8FMokNPc3Moct1brvUatQeejye5ojp80IocAVrWqZtfElbBqkay9XP41_3aBgpjBnF7eEZkmVGzbNOX-d28r25FWPRFbPAsUvEp2Sn8wp7DyLQD_jbCKqJen_TpaFzoTGXa303h3M5vPoTajS2xKoNLurqoEkeUW4Fhb_h7Z5-osHcIj_TjRUc0F7YFDQ-pPPPvxR3cRWKjoYdi5OZ0NqT-tjDhKAS&v=404,
https://ccc-x.jd.com/dsp/nc?ext=aHR0cHM6Ly9pdGVtLmpkLmNvbS8xOTY1NzM5NjE0OS5odG1s&log=BBQfr1_Ab4zyVNPlyohok81w1lkgrcsyBI40KdXxKGAzvfpAH8mx-O2XMjo47ewMiLetG903ZFZmipsrT-NkAWULIdntaT5nU3nWS7g_8tnzKdY62ajonvk571Lk5wGXkV8l2fp-xkVuKkXaXKxS5DwiMMcnbDymJgvA1inUQmLIRvU1cAikIbW1Rh4DA3mLGcfUGm_jNgCGt7AumbyGEnUBGxBE9tRIms2NTVcRaCV4C2oiTwsuxO-RrUJ_wg4MpWJ0X5BZpJaD_Oo37pj1fmF44464BdP2rAr8Ya8RUUulH37YniZHrY5NlowcqUkE7xF2BRi_IzH_l7muBRVqPR2Oi-Wad2qkugC146P2p26QGhLqydFWw4pUE3Oyytg-Kg53THHS51QC8USMq25sQ5egP1SZ87yXVEmKziQJIue6ARXMgy-vJZVHozWnTgmk&v=404,
https://ccc-x.jd.com/dsp/nc?ext=aHR0cHM6Ly9pdGVtLmpkLmNvbS8yMzcxNTc5MTYzOC5odG1s&log=BBQfr1_Ab4zyVNPlyohok81w1lkgrcsyBI40KdXxKGAAiYudebCP0ZccZNiMtjGTYYRRGqN1hUmM_a8qj0CrOriPXfoH4zdUnD2jKuQrCUZPpRS4HJ2YRi_SSyw4_n3x_AQUMJmvUtwLva2DAHMarLiJJC9N0EIXZl7NlWrRIx6Y0WvJrkLb5t28aIZz0XUqx8soA6QYNiPTu6v4GtjbSl02y9XOSgwj6gNZH_hg0QR1LM4sTyvIi1gSxa7hijD9a6qoFISJDB328au6lC5wKxjB6dmDVpoALUpMwvdUa8qdruuGgxeJBIQ_owq5-PC9eGnQ9IajWJqoITMYxRBQuv-t_pV2gb_iDFZeP2bguM1EBshdedQhRqsiUwnTFRm6PxvWIN6-i8DiUVfgmFUb3cCV2mbrn4xcfkPOFpBzWhBBo2wytjM9x1z9Od9uJ6on&v=404,
https://ccc-x.jd.com/dsp/nc?ext=aHR0cHM6Ly9pdGVtLmpkLmNvbS83NDE5MjUyLmh0bWw&log=BBQfr1_Ab4zyVNPlyohok81w1lkgrcsyBI40KdXxKGBMooHMLJKjAbL4N2yATxGLOqYNdHzniR1vLkJS07jwWoNr0Uy1j4eg9lp-TMeM7-viazTQoEz_rx-5gACRH36y1zzkrNunX0zsmlX8Fz0inyxq7kWdtsaRX-44OQfIVIweosr8Q60-chp-36WhpEnVPmjJBoiG2KGCQrmBh2S3kVpWk46JPSui6-G1E4MdOfRtxFpSz6kTBACcFOt9v1YobpZ_3eSwlki2ruql8yQwHhfVw09SBJKsHKzwAodiEkbLHq_6-pBBjjCKK2TGHFuKjjW9WG3GJGL4Tkf2upsHX21Bny_iVN5K_wcebg7N1oS_0M43RxzGs2sQdHe4aD_hN50v5tliTveN4v74NrT85hbGOvrAvWPaCOFk__Pdj3ORSosXGDAOw54_pouTV9z9&v=404,
https://ccc-x.jd.com/dsp/nc?ext=aHR0cDovL2l0ZW0uamQuY29tLzc1MDY2NDEuaHRtbA&log=BBQfr1_Ab4zyVNPlyohok81w1lkgrcsyBI40KdXxKGAAyDAf-42-uyUdNpPH43cq0UkHbPYD-fPg8wPBDy3CXBPwKGVFtZEDL7IOJcGbezPjeg_82sx5qMjUBUBvfLFYjBrtkmhRwgFmIEdO9NRPqNaGJc_KmiAkm8ovP2P0L1vEY4Y7YyK3FismIk_eYsCDW6D-gLsHgs4Qfrpy8CNcRtD9u7k5bHjbCcrmf6tC763ZjwRb4gPREVempDno9u4sS8tpUJtNhIWizkFI4XyCVa-LAljRXOTJecDK6MO3vy5RfJj9GSkz5DE4uGka9sYJz6iEuN8cTTHPRrEPUIF9LUeR9tm6NQ_U-4YZWN_uerKjTAz_Ixw1xbWeXpYzJPCEhq59Rq3Bzt2w3ICYu3bNnoIw1Cq0qfmBM1ddOUk6DgGgrlU1O0Y5nUmRZq-LNU0qqNXQLTd7iD9Sy7MddSjSew&v=404,
http://item.jd.com/11285921094.html,【送全屏膜】PZOZ 红米NOTE4X手机壳全包防摔透明硅胶手机保护套小米红米note4x 气囊透明【红米Note4X标准版】送全屏钢化膜
http://item.jd.com/11818066550.html,ALIVO 红米NOTE4x手机壳保护皮套翻盖皮套防摔插卡皮套 适用于小米红米note4 经典黑
http://item.jd.com/11429429954.html,摩斯维 红米note4X手机壳小米红米Note4高配标准版保护套磨砂防摔硬壳男女超薄款 A款【note4X标配】玛雅红
http://item.jd.com/4289770.html,KOLA 红米Note4X钢化膜 全覆盖手机保护贴膜 适用于小米手机红米Note4X 3GB+16GB/32GB和4GB+64GB浅蓝色 白色
http://item.jd.com/4465824.html,派滋 红米Note4X手机壳全网通版(3GB+16GB)壳 小米红米note4x标准版硅胶全包防摔 加厚带气囊保护套壳 透明
http://item.jd.com/7225125.html,狄客 一加6手机壳保护套 TPU硅胶透明防摔软壳
http://item.jd.com/27593732806.html,【送防摔壳】菲科斯 一加6钢化膜抗蓝光润眼透明防爆全玻璃高清保护贴膜手机膜 全玻璃【4倍增强抗蓝光】2片*紫光版
http://item.jd.com/6560200.html,KOLA 一加6手机壳 1+6/1加6微砂硅胶软壳保护套 黑色
http://item.jd.com/7419986.html,【2片装-全屏覆盖】YOMO 一加6 OnePlus 6钢化膜 手机膜 全覆盖防爆玻璃贴膜 全屏幕覆盖-黑色2片装
http://item.jd.com/27499706181.html,摩斯维 一加6手机壳one plus/一加六漫威复联版防摔保护套/1+6全包磨砂硬壳男女个性款 石墨黑【送钢化膜】 摄像头升级保护
http://item.jd.com/7877247.html,依斯卡(ESK) 一加手机6钢化膜 全屏全覆盖 OnePlus6手机高清透明玻璃膜 屏幕保护防爆贴膜 JM399-黑色
http://item.jd.com/7601970.html,毕亚兹(BIAZE) 一加6手机壳/保护套 1+6全包防摔超薄硬壳 轻薄男女简约款 质感磨砂系列 JK400-黑色
https://ccc-x.jd.com/dsp/nc?ext=aHR0cHM6Ly9pdGVtLmpkLmNvbS8yNTk4MTc3NzE4MC5odG1s&log=BBQfr1_Ab4zyVNPlyohok81w1lkgrcsyBI40KdXxKGCU5h1WM734ADKMZX-rKYsjci8jUph74Fej5vb9tt_VrJGNyee46FQ4cHxcIu9tB7sbpVfrmg8Y29_PmJrJqytVPNVanicr6udG_0_rQjbPrl2E9_QyYobR984YCIG0vBeim9O-rtjccPnzysUabCyXZizmyoR1L1EVpZTfs63sqwRQXfAGVjbnqIV2cmb7T4_GXRGRxs9SQ3qKOLh3aPnpUos1ZouTillJzudjeaYQsVLG7cHMxld4sExfG5sM0qjXdz9yZ8nCpzywkrxPTGdsn-s59BPo8R7I0GcUj7-HDxlmdiZRqWpyM4Gbo4a0ioknkqk2e2NInnuTW5iBqgYo20M1kTE9jMf3S58EQbaq0HNBAhxEhEC0wWYH2dHR-fWg9bbAUAyyndY_KnnVTY_q&v=404,
https://ccc-x.jd.com/dsp/nc?ext=aHR0cHM6Ly9pdGVtLmpkLmNvbS83Mjk0NjQxLmh0bWw&log=BBQfr1_Ab4zyVNPlyohok81w1lkgrcsyBI40KdXxKGBrPO0ywOH1k4afnKfTpvtBq1GhuXraiDZqKnv5i-bWV9F5rXQFxqbrXFnMDbkNpxJbFKmd1nZjeFNNboACEyMcEpVwc5TpoIv0YfOOFrlr7xzloIduEKGY2FGHDHg5LP4anS_JySRct___TcU8mBEgJi5zs5aTRgMsF9PEsFeGD3wkO08pjugtRBgBbXobj97O5BmhoqKlCu3Jm--lDdTGig5ULGKrdxfjpLGncvxYycZmLMaZxz8CtpSqHOcrF49VvNh-WefBTvcR9P5ZnIekDf7UemnoKGMjpavCPAwv5J1HEC1mi17iG21oBQZXaiOCEtMHLBRjaEM9WeNUjQkRmJ2UgkrmYg5XOSoOcYAHBGSv5jtgTCsohy_fsgqdbEZz4qGnFmyVps0S2yC4j2sl&v=404,
http://item.jd.com/7112947.html,莫凡 华为畅享8plus手机壳 黑色微磨砂软壳硅胶保护套送黑色钢化膜+指环扣
http://item.jd.com/4444367.html,【全屏两片装】KOOLIFE 小米MAX2钢化膜 全屏覆盖/全屏玻璃膜 全覆盖手机保护贴膜 适用小米 max2-白色
http://item.jd.com/4877537.html,悦可（yueke）小米MAX2手机壳保护套 磨砂外壳 防摔壳适用于小米 max2-黑色
http://item.jd.com/5081842.html,【2片装】朗客 红米note4X钢化膜 全屏覆盖玻璃手机膜 红米note5A高清透明防爆无白边手机贴膜 白色
http://item.jd.com/4802022.html,毕亚兹(BIAZE) 红米Note4X手机壳/保护套(3GB+16GB)(3GB+32GB)标配版 防摔磨砂壳 质感磨砂系列 JK88-红色
http://item.jd.com/4384838.html,派滋 红米note4X全网通版(3GB+16GB)钢化膜标准版 小米红米NOTE4x标准版手机贴膜 非全屏透明
http://item.jd.com/4974033.html,KOOLIFE 畅享8Plus手机壳 华为畅享8plus手机壳 磨砂硅胶软壳/全包外壳防摔壳 适用于华为畅享8plus素乐-黑色
http://item.jd.com/4052571.html,【送全屏钢化膜】ESCASE 小米Max2手机壳 保护套/全包防摔透明软壳 本色
http://item.jd.com/7107322.html,KEKLLE 【壳膜套装】华为畅享8plus 手机壳手机套 全包透明防摔硅胶软壳男女款保护套+钢化膜  5.93英寸 透明
http://item.jd.com/6899400.html,莫凡 华为畅享8plus钢化膜 全屏覆盖手机防摔爆防指纹玻璃膜 适用畅享8plus 黑色
http://item.jd.com/26475965485.html,【全国免邮】塔拉斯华为畅享8plus手机壳 透明软套(壳膜套装)
http://item.jd.com/7195540.html,【壳膜套装】YOMO 华为畅享8 plus手机壳 钢化膜 全覆盖防爆玻璃贴膜 黑色膜 硅胶纤薄透明全包边软壳 清透白
http://item.jd.com/5342576.html,派滋 小米max2手机壳防摔 Max2硅胶全包软保护套带挂绳孔 透明
http://item.jd.com/6990020.html,ESCASE【壳膜套装】华为畅享 8Plus手机壳 送全屏白色钢化膜 华为手机套 全包防摔系列 软壳/透明
http://item.jd.com/5249008.html,【膜壳套装】KOLA小米Max2钢化膜 全屏覆盖手机保护贴膜 透明手机壳保护套 适用于小米Max2 白色
http://item.jd.com/4406681.html,Freeson 小米Max2皮套 智能休眠保护套 小米Max2手机壳 翻盖支架手机套 金色
http://item.jd.com/5059440.html,KOOLIFE 小米MAX2手机壳保护套 磨砂外壳 防摔壳适用于小米 max2-黑色
http://item.jd.com/4358307.html,Freeson 小米Max2手机壳保护套/肤感手机套 全包硬壳 指环扣支架套装 金色
http://item.jd.com/6683285.html,KOOLIFE 畅享8Plus钢化膜 华为畅享8Plus钢化膜 全屏覆盖/全屏玻璃膜 手机保护膜非水凝前膜-白色
